Target,0,0,0,0,0,0,0,0,2,0,0,0,3,0,0,0,0,0,0,0,0,0,0,0,0,0,0,0,0,0,0,5,0,4,0,0,0,0,0
Transf,4,4,2,2,2,2,3,3,3,2,2,2,2,2,2,2,2,3,3,3,3,3,4,2,2,2,2,2,2,2,2,3,3,2,2,2,2,2,2
Date,"Current Account, Balance, Services, EUR","Current Account, Balance, Total, EUR","Construction Production, Production in Construction, Calendar Adjusted, Index, Italian National Institute of Statistics (Istat)","General Government Budget, State Budget, Revenues, Tax Revenue, EUR","FX Indices, BIS, Nominal Effective Exchange Rate Index, Narrow","FX Spot Rates, Macrobond, ITL per USD, End of Period","Government Benchmark Securities, Yield to Maturity, Bank of Italy, Average Gross Yield of BTPs With a Residual Maturity of More Than 1 year, Gross Yield, EUR","Government Benchmarks, Macrobond, 10 Year, Yield, End of Period","Unemployment, Rate, Women & Men, Aged 15-64, SA","Monetary Statistics, Monetary Aggregates, M1, Total, Excluding Currency Held by The Public, Stocks, EUR","Monetary Statistics, Monetary Aggregates, M2, Total, Excluding Currency Held by The Public, Stocks, EUR","Monetary Statistics, Monetary Aggregates, M3, Total, Excluding Currency Held by The Public, Stocks, EUR","Industrial Production, Total Industry Excluding Construction, SA, Index","Manufacturing, Total, SA, Index","Metal Production, Crude Steel","Oil & Gas, Total Oil Supply","Oil & Gas, Total Petroleum Consumption","Eurostat, Business Surveys, Eurostat, Sentiment Indicators, Economic Sentiment Indicator, SA","Eurostat, Business Surveys, Eurostat, Sentiment Indicators, Industrial Confidence Indicator, SA","Eurostat, Business Surveys, Eurostat, Sentiment Indicators, Retail Confidence Indicator, SA","Eurostat, Business Surveys, Eurostat, Sentiment Indicators, Services Confidence Indicator, SA","Eurostat, Business Surveys, Eurostat, Sentiment Indicators, Construction Confidence Indicator, SA","General Government Budget, Central Government, Balance, Gross Borrowing Requirement (Deficit), EUR","FX Indices, European Commission, Nominal Effective Exchange Rate Index (Broad Group 42)","FX Indices, European Commission, Nominal Effective Exchange Rate Index (EU28)","FX Indices, European Commission, Nominal Effective Exchange Rate Index (Euro Area)","FX Indices, European Commission, Nominal Effective Exchange Rate Index (IC37)","FX Indices, European Commission, Real Effective Exchange Rate Index (Broad Group 42)","FX Indices, European Commission, Real Effective Exchange Rate Index (EU28)","FX Indices, European Commission, Real Effective Exchange Rate Index (Euro Area)","FX Indices, European Commission, Real Effective Exchange Rate Index (IC37)","Government Benchmarks, Bank of Italy, Auction Rate, 6 Month, Yield",spread,"Consumer Price Index, Total with Tobacco, Index","Consumer Price Index, Food & Non-Alcoholic Beverages, Index","Consumer Price Index, Alcoholic Beverages & Tobacco, Index","Consumer Price Index, Clothing & Footwear, Index","Consumer Price Index, Housing, Water, Electricity, Fuel, Index","Consumer Price Index, Communications, Index"
1995-01-31,-402559000,242577000,90.5,19265700000,95.45,1601.4496,11.95,12.34,11.2,2.57E+11,5.19E+11,5.82E+11,117.8,120.5,2258000,120400,1927000,116.3,11.7,-38.2,,-14.3,4665100000,79.74259,90.468249,94.877659,84.684038,91.534463,89.554642,87.587052,90.180156,9.89976,2.05024,64.58,,,,,
1995-02-28,-462790000,926181000,105.6,14981800000,93.73,1669.9972,11.858,12.95,11.2,2.57E+11,5.18E+11,5.84E+11,117.1,120.2,2308000,120400,2109000,119.1,14.2,-25.1,,-25.5,4792200000,78.622779,88.720075,92.724829,83.292852,90.276665,88.059027,85.890639,88.911962,10.07398,1.78402,65.14,,,,,
1995-03-31,264455000,2764307000,116,16113100000,85.72,1697.1001,12.853,13.5,11.3,2.57E+11,5.18E+11,5.84E+11,117.4,120.5,2587000,120400,1977000,112.3,11.5,-45.8,,-24.2,11714800000,72.708609,81.072405,84.042344,76.582659,83.703148,80.858963,78.324845,82.104723,11.94786,0.90514,65.6,,,,,
1995-04-30,16918000,1668256000,113.8,16160700000,82.84,1681.2128,12.775,13.1,11.1,2.56E+11,5.16E+11,5.88E+11,117.5,120.8,2399000,125400,1821000,113.1,11,-44.4,,-29.2,9351600000,70.479622,78.532138,81.086721,73.98702,81.043638,78.474329,75.823946,79.386142,11.58674,1.18826,65.88,,,,,
1995-05-31,749529000,2512351000,122.1,20146900000,87.13,1639.4488,11.916,12.27,11.1,2.54E+11,5.13E+11,5.86E+11,118.2,121.9,2576000,131400,1812000,111.7,10.6,-51.7,,-29.7,7303900000,74.034018,82.847311,85.7109,77.833058,85.293819,83.164768,80.603239,83.838203,10.7657,1.1503,66.25,,,,,
1995-06-30,1122196000,2439242000,125,31037900000,87.24,1637.0003,12.06,12.65,11.1,2.59E+11,5.19E+11,5.89E+11,118,121.8,2470000,131400,1868000,114.9,12,-39.1,,-32.9,-7562600000,74.170416,82.89602,85.68278,78.023191,85.697023,83.630549,80.96645,84.418071,11.07838,0.98162,66.63,,,,,
1995-07-31,422194000,3996979000,132.6,19011300000,88.33,1586.3251,11.908,12.09,11.1,2.50E+11,5.08E+11,5.84E+11,117.9,121.4,2286000,125400,1845000,116.3,12.4,-42.3,,-14.4,1524100000,75.140939,83.680451,86.323018,79.120526,86.92438,84.692272,81.770935,85.832351,11.05928,0.84872,66.81,,,,,
1995-08-31,449201000,2109989000,77.3,19273400000,91.3,1622.4477,11.433,11.79,11.2,2.46E+11,5.04E+11,5.84E+11,120,123.6,1727000,125400,1705000,110,9,-51,,-28.7,7407800000,77.419837,86.540358,89.574114,81.741761,89.402264,87.596943,84.902415,88.631683,10.68716,0.74584,67,,,,,
1995-09-30,810150000,1483261000,124.3,12250800000,91.92,1611.5002,11.25,11.88,11.2,2.58E+11,5.18E+11,5.92E+11,119.2,122.8,2501000,125400,1945000,113.1,7.8,7,,-18.9,13722500000,77.898244,87.058091,90.22493,82.330342,89.715526,88.054702,85.583783,89.119991,10.78952,0.46048,67.18,,,,,
1995-10-31,616879000,2157784000,132.4,16464000000,90.4,1594.1503,11.479,11.84,11.1,2.55E+11,5.17E+11,5.99E+11,120,123.7,2564000,131400,2037000,108.2,4.4,-41.8,,-22.2,13476200000,77.023126,85.374437,88.255024,81.31703,88.763821,86.595663,83.99529,88.161412,11.24093,0.23807,67.37,,,,,
1995-11-30,157014000,2114457000,125.5,20281300000,91.02,1599.4702,11.205,11.43,11.1,2.48E+11,5.10E+11,5.95E+11,120,123.1,2073000,131400,2177000,103.9,0.4,-52.2,,-12.6,10685900000,77.757545,85.963933,88.719287,82.104629,89.934597,87.618485,84.884575,89.425974,10.68949,0.51551,67.83,,,,,
1995-12-31,-268540000,1220162000,121.9,40519800000,92.16,1586.3991,10.834,10.87,11.1,2.81E+11,5.54E+11,6.26E+11,122,125,1926000,131400,2101000,104.5,2.5,-47.2,,-28,-9572200000,78.730779,87.303291,90.096935,83.161225,90.807176,88.792679,86.121824,90.404097,10.4327,0.4013,67.83,,,,,
1996-01-31,127090000,948545000,93.8,22147200000,93.78,1594.0001,10.043,10.22,11,2.56E+11,5.32E+11,6.16E+11,120.2,123,2118000,129900,1977000,103.5,1,-35.4,,-23.7,4208000000,80.192037,88.88633,91.806004,84.744744,92.391787,90.54779,87.914414,92.103558,9.64439,0.39861,68.21,68.28,49.23,69.85,57.03,175.04
1996-02-29,-62441000,2820885000,99.4,14065600000,94.76,1556.8401,9.966,10.58,11,2.51E+11,5.29E+11,6.18E+11,118.9,121.6,2108000,132900,2115000,95.8,-7,-24.7,,-26.3,6380800000,81.149525,89.966359,92.905837,85.761336,93.390633,91.597161,88.941459,93.182588,9.668,0.298,68.49,68.56,49.49,70.04,57.12,175.04
1996-03-31,-213834000,2660106000,117.1,16813600000,95.74,1569.7751,10.092,10.88,11,2.55E+11,5.33E+11,6.18E+11,117.7,120.1,2391000,129900,2053000,94.4,-9.3,-23.9,,-30.8,10151500000,82.056527,91.018548,94.052925,86.706345,94.130525,92.468814,89.89325,93.945124,9.76422,0.32778,68.77,68.83,49.67,70.32,57.21,175.04
1996-04-30,224804000,1827444000,118.7,18520600000,96.73,1564.563,9.817,9.81,11.3,2.59E+11,5.38E+11,6.25E+11,116.4,119.1,2090000,129900,1821000,89.6,-10.6,-22.2,,-33.2,12918000000,82.900963,92.135146,95.340007,87.651626,95.044749,93.776146,91.395535,94.978902,9.02238,0.79462,69.04,69.47,49.84,70.6,57.91,174.09
1996-05-31,588841000,3610916000,123.7,20664500000,98.38,1547.9501,9.118,9.67,11.3,2.52E+11,5.32E+11,6.18E+11,116.3,119.5,2306000,134900,1745000,89.9,-11.7,-12.9,,-31.9,4179000000,84.33553,94.053554,97.432432,89.19725,96.583411,95.716621,93.514886,96.59187,8.65078,0.46722,69.32,69.93,50.01,70.79,57.91,174.09
1996-06-30,1133638000,3590377000,128.5,33105200000,99.2,1532.9508,8.939,9.41,11.3,2.62E+11,5.44E+11,6.23E+11,116.5,120,2126000,134900,1769000,92.2,-11.4,-2.9,,-28.6,-10018800000,85.208808,94.588906,98.106248,90.082693,97.700904,96.450516,94.439822,97.715567,8.29,0.649,69.42,70.21,50.1,70.98,57.82,174.09
1996-07-31,1153183000,7185039000,134.9,21336100000,99.1,1520.8952,8.818,9.51,11.1,2.56E+11,5.38E+11,6.20E+11,116.4,119.9,1959000,139900,2023000,90.5,-12.8,-22.7,,-43.4,5273200000,85.418087,94.378734,97.641314,90.207462,97.697895,96.056454,93.858935,97.627995,8.48,0.338,69.32,70.03,50.19,71.08,56.94,174.09
1996-08-31,342429000,3213374000,75.8,20669700000,98.84,1508.9751,8.921,9.55,11.1,2.51E+11,5.33E+11,6.18E+11,117,120.3,1476000,139900,1651000,91.9,-13.6,-12.1,,-34.5,4461700000,85.405816,94.132386,97.087254,90.07934,97.66264,95.901907,93.559481,97.488279,8.70693,0.21407,69.42,69.84,50.19,71.08,57.12,174.09
1996-09-30,528742000,1205584000,123.5,12608000000,99.66,1522.0501,8.62,8.56,11.1,2.66E+11,5.45E+11,6.22E+11,115.4,118.5,2057000,139900,1934000,90.9,-13.5,-49.2,,-34.3,14754600000,86.127473,94.98695,98.204038,90.877116,98.02159,96.349293,94.374796,97.870334,8.19234,0.42766,69.51,69.75,50.19,71.26,57.38,174.09
1996-10-31,208400000,3812171000,121.2,17599200000,100.2,1516.3502,7.784,8.14,11.2,2.67E+11,5.42E+11,6.27E+11,115.9,118.9,1887000,139900,2066000,97.2,-12.4,-4.8,,-30.8,11919400000,86.639388,95.450822,99.087649,91.456928,98.413279,96.765488,95.259378,98.299797,7.55649,0.22751,69.51,69.66,50.28,71.74,58,172.09
1996-11-30,65069000,2827912000,117.2,21569900000,99.87,1514.9201,7.152,7.51,11.2,2.68E+11,5.41E+11,6.24E+11,115.4,118.2,2003000,139900,1944000,94.4,-15.6,-15.7,,-35.4,5642000000,86.676141,94.905425,98.788102,91.4375,98.71722,96.587791,95.452549,98.576384,6.97507,0.17693,69.79,69.57,50.36,72.02,58.52,172.09
1996-12-31,37649000,726274000,107.8,41813400000,100.87,1520.5001,6.954,7.48,11.2,2.97E+11,5.71E+11,6.42E+11,115.1,117.4,1764000,139900,1953000,95,-14.2,-14.7,,-41.6,3552400000,87.537119,96.203376,100.285174,92.438932,99.391387,97.606158,96.747641,99.375992,6.78857,0.16543,69.88,69.57,50.36,72.11,58.61,172.09
1997-01-31,256249000,2786931000,90.5,22272400000,100.91,1609.5551,6.757,7.21,11.2,2.80E+11,5.51E+11,6.32E+11,116,118.4,1870000,145700,1918000,97.9,-7.3,-10.8,,-36.1,-3450700000,87.566817,96.687893,100.9233,92.638831,98.982052,97.735,97.167956,99.153289,6.78429,-0.02729,70.07,69.57,50.45,72.11,59.22,172.09
1997-02-28,297455000,2023336000,106.8,16973800000,99.05,1690.0002,6.934,7.54,11.3,2.79E+11,5.47E+11,6.33E+11,118,120.8,2018000,145700,1995000,96.8,-9.2,-13.9,,-39.6,3952900000,85.973213,95.851109,99.8172,91.204369,96.661504,96.307937,96.001279,97.087524,6.87471,0.05929,70.16,69.47,50.45,72.21,59.4,172.09
1997-03-31,376297000,2151126000,122.9,15289100000,97.81,1668.2502,7.551,8.06,11.3,2.76E+11,5.41E+11,6.28E+11,118.6,121.6,2224000,145700,1810000,95.7,-9.7,-21.3,,-44.5,13384800000,84.958324,94.953979,98.867077,90.077638,95.220065,95.169235,95.125653,95.573955,7.23545,0.31555,70.35,69.47,52.02,72.3,59.57,173.27
1997-04-30,407626000,2253761000,116.1,18594600000,98.39,1711.8752,7.37,7.59,11.4,2.78E+11,5.37E+11,6.29E+11,120.7,123.8,2262000,152700,1877000,97.1,-8.3,-21.7,,-47.8,8037000000,85.472488,95.380738,99.662038,90.671599,95.553562,95.587884,96.045225,95.967491,6.552,0.818,70.44,69.47,52.02,72.49,59.84,173.27
1997-05-31,689072000,2859570000,124.1,21092200000,98.47,1691.8002,7.021,7.33,11.4,2.82E+11,5.38E+11,6.33E+11,120.4,123.5,2306000,150700,1780000,101.5,-5.4,-3.4,,-42.1,6824900000,85.666973,95.761954,99.979532,90.774744,95.698304,95.91582,96.347195,96.017891,6.462,0.559,70.63,69.47,52.02,72.49,59.93,177.05
1997-06-30,1093559000,2644385000,126,34107100000,98.51,1701.5001,6.823,6.86,11.4,2.93E+11,5.45E+11,6.35E+11,121.4,124.6,2210000,147700,1825000,102.8,-2.8,-14.9,,-31.5,-13109400000,85.664985,96.140387,100.607059,90.766929,95.485297,96.162834,96.931158,95.834615,6.52455,0.29845,70.63,69.47,52.11,72.58,59.84,177.05
1997-07-31,1240995000,7748631000,135.8,25181000000,98.08,1791.7502,6.376,6.52,11,2.87E+11,5.32E+11,6.27E+11,122.2,125.5,2177000,147700,1911000,104.4,0.7,-11.7,,-50.6,-5567700000,85.06703,95.991004,101.237192,90.26298,94.680001,95.981718,97.424511,95.182515,6.59645,-0.22045,70.63,69.2,52.11,72.58,60.01,175.39
1997-08-31,159821000,1750928000,73.9,23926500000,97.51,1760.7051,6.534,6.7,11,2.80E+11,5.21E+11,6.21E+11,122.9,126.3,1583000,149700,1690000,104.1,-1,-17.3,,-46.4,262400000,84.403859,95.884772,100.951753,89.700721,93.625933,95.628608,97.011633,94.265225,6.53806,-0.00406,70.72,69.02,52.11,72.58,60.1,175.39
1997-09-30,742163000,1145231000,128.7,16691700000,98.49,1725.6502,6.1,6.18,11,2.93E+11,5.29E+11,6.22E+11,122.8,126.2,2267000,147700,2059000,107.3,2.9,-48.5,,-31.8,13202800000,85.712803,96.447422,101.060834,90.989092,94.701414,95.929393,96.994243,95.210853,5.94138,0.15862,70.72,69.11,52.11,72.77,59.93,175.39
1997-10-31,698824000,3341990000,131,19014000000,98.54,1690.1502,5.901,6.25,11.3,2.98E+11,5.30E+11,6.24E+11,124.3,127.7,2382000,157700,2098000,105.7,2.4,-16.9,,-53.4,9815300000,86.000621,96.101267,100.673599,91.186487,95.177598,95.929528,97.054726,95.553646,5.93815,-0.03715,71,69.2,52.2,73.24,60.54,176.22
1997-11-30,-8496000,2035716000,123.2,23930600000,99,1728.0502,5.806,5.95,11.3,2.91E+11,5.18E+11,6.16E+11,123.6,126.6,2334000,157700,2062000,107.3,1.9,-10.1,,-40.2,-6349300000,86.802393,95.973394,100.675182,91.822845,96.14467,95.936785,97.238498,96.311091,5.79615,0.00985,71.18,69.38,52.28,73.62,60.72,176.22
1997-12-31,-32804000,1527743000,109.7,50103300000,99.13,1767.9964,5.436,5.58,11.3,3.20E+11,5.47E+11,6.35E+11,124.5,127.1,2137000,142700,2190000,108.3,1.6,-11,,-25.4,-12507800000,86.977957,95.742395,100.565312,91.429678,96.17323,95.651552,97.132422,95.808052,5.12826,0.30774,71.18,69.57,52.37,73.72,60.72,173.98
1998-01-31,-665532000,-950353000,96.2,20078600000,98.63,1803.2502,5.212,5.46,11.1,3.08E+11,5.31E+11,6.33E+11,123.6,126.5,2203000,146600,1913000,114.9,4.8,-8.1,29.4,-27.2,-1596800000,86.445921,95.371791,100.314647,90.711147,95.637517,95.600057,97.330164,95.158819,5.58897,-0.37697,71.46,69.84,52.37,73.81,60.98,173.98
1998-02-28,225969000,2292884000,108.2,18244300000,98.12,1789.4502,5.153,5.33,11.1,3.04E+11,5.24E+11,6.28E+11,123.5,126.7,2205000,151600,2022000,115.4,5.5,-3.5,31.4,-31.2,4345400000,86.153166,95.137776,100.088257,90.412076,95.197211,95.308679,97.137895,94.760569,5.78923,-0.63623,71.65,69.93,52.46,73.81,61.07,173.98
1998-03-31,-123328000,2623707000,122.4,17777000000,98.11,1822.8708,4.916,5.18,11.1,3.18E+11,5.33E+11,6.32E+11,122.9,126.2,2475000,146600,1995000,115.1,5.5,-7.5,31.3,-33.9,11983000000,86.126262,95.05706,100.451766,90.570266,94.982687,95.137044,97.469681,94.747076,5.1225,-0.2065,71.84,69.93,54.38,74.19,61.07,176.34
1998-04-30,311464000,1152580000,112.9,18421100000,98.08,1771.9502,4.899,5.23,11.5,3.24E+11,5.36E+11,6.34E+11,123.9,127.4,2321000,146600,1896000,113.5,4.9,-11,24.9,-33.2,11614800000,86.23591,94.810663,100.205132,90.8103,94.996842,94.80409,97.217411,94.873332,4.92,-0.021,71.93,70.12,54.47,74.38,61.5,176.34
1998-05-31,568159000,2652356000,125.9,7902500000,99.2,1756.8002,4.926,5.13,11.5,3.25E+11,5.33E+11,6.34E+11,123.7,127.2,2494000,146600,1777000,111.3,2.3,-4.9,23,-25.4,9173300000,87.631859,95.702251,100.389605,92.23096,96.246257,95.41553,97.167936,96.046017,4.87,0.056,72.02,70.21,54.47,74.56,61.33,176.22
1998-06-30,1051801000,3665641000,126,25947200000,99.23,1777.5501,4.823,5.07,11.5,3.42E+11,5.49E+11,6.46E+11,123.5,126.8,2391000,137600,1964000,112.3,2.3,2.2,22.7,-11.4,-4334600000,87.689648,95.614013,100.451783,92.402398,96.401809,95.472447,97.362138,96.315798,4.86,-0.037,72.12,70.21,54.55,74.56,61.33,176.22
1998-07-31,1278227000,6312892000,133.3,34576500000,99.03,1754.5965,4.704,4.93,11.3,3.23E+11,5.25E+11,6.27E+11,123.3,126.6,2189000,146600,1980000,109.8,0.3,-9.9,22.9,-17,-9028100000,87.404717,95.445815,100.280621,92.23116,96.067174,95.356463,97.176811,96.108388,4.65,0.054,72.12,70.03,54.55,74.56,61.33,176.22
1998-08-31,274780000,1620785000,70.4,28596700000,99.44,1742.85,4.543,4.75,11.3,3.17E+11,5.17E+11,6.21E+11,121.6,124,1422000,131600,1762000,109.3,0,-1.1,22,-23.6,-2204000000,88.224315,95.842082,100.326318,92.936526,96.913931,95.876595,97.368275,96.865235,4.6,-0.057,72.12,69.93,54.55,74.66,61.33,176.22
1998-09-30,628590000,643264000,124.2,16407800000,100.19,1652.4501,4.288,4.36,11.3,3.18E+11,5.18E+11,6.18E+11,123.4,126.3,2204000,141600,1913000,105.1,-5.1,-13.9,21.7,-34.5,10755300000,91.590292,96.635852,100.594598,94.349474,99.561707,96.545297,97.640669,98.036349,4.18,0.108,72.12,70.03,54.64,74.75,61.15,176.22
1998-10-31,260055000,1736652000,132.3,18331900000,100.43,1638.2012,4.183,4.51,11.5,3.21E+11,5.19E+11,6.27E+11,122.6,125.8,2095000,141600,1906000,102.8,-9.5,-13.4,21.2,-35.6,10657000000,92.268953,96.809766,100.151641,94.556828,100.161416,96.863265,97.429245,98.173527,3.94,0.243,72.3,70.21,54.64,75.32,61.42,176.22
1998-11-30,-418840000,1415873000,122.9,24197800000,99.72,1674.1501,4.1,4.21,11.4,3.21E+11,5.21E+11,6.19E+11,122.2,125.7,2074000,141600,2085000,105.9,-5.2,-10.3,21.8,-38.2,6672700000,91.395395,96.519691,100.163002,93.731185,99.137092,96.67929,97.594139,97.338986,3.67,0.43,72.39,70.21,54.64,75.51,61.42,176.22
1998-12-31,-935256000,95237000,106.8,48935700000,99.63,1648.8925,3.749,4.04,11.4,3.58E+11,5.64E+11,6.46E+11,119.3,117.5,1725000,144600,2114000,104.8,-7.9,7.4,20.9,-33.9,-18473000000,92.010262,96.719384,100.052791,93.988801,99.42521,96.780903,97.44712,97.490277,2.85,0.899,72.39,70.49,54.73,75.51,61.42,176.22
1999-01-31,-550435000,-410831000,101.6,9805200000,99.19,1704.9886,3.556,3.88,11.1,3.59E+11,5.62E+11,6.43E+11,121.6,124.6,1946000,131600,1963000,98.8,-9.5,-50.2,7.3,-24,-2755100000,92.288995,96.701132,100.057646,93.67173,99.618869,96.950689,97.657464,97.194412,2.97,0.586,72.49,70.67,54.73,75.51,61.15,174.09
1999-02-28,-726177000,870418000,115.3,25851700000,98.41,1763.8536,3.652,4.22,11.1,3.48E+11,5.48E+11,6.36E+11,121,123.4,1958000,131600,2016000,97.3,-10.3,-56.9,5.1,-22.2,2463000000,92.265976,96.600604,100.04948,93.303726,99.544346,96.884192,97.693203,96.842633,3.01,0.642,72.58,70.76,54.73,75.6,61.33,173.98
1999-03-31,-652033000,1589601000,134,29807800000,97.83,1793.5072,3.772,4.24,11.1,3.55E+11,5.54E+11,6.36E+11,121.4,123.5,2035000,125600,1919000,97.9,-7.3,-55.8,1.3,-22.3,11977600000,91.279652,96.298717,100.053759,92.418049,98.080248,96.249878,97.462564,95.571998,2.94,0.832,72.77,70.95,54.82,75.79,61.33,175.04
1999-04-30,-162453000,1406424000,123.2,17746600000,97.37,1830.1528,3.538,4.14,11.1,3.62E+11,5.58E+11,6.36E+11,120.5,123,1946000,125600,1800000,95.8,-9.8,-65.4,2.4,-25.6,9777200000,90.680982,96.188089,100.08167,92.000221,97.007074,95.857523,97.246764,94.736041,2.58,0.958,72.95,71.04,54.82,76.07,61.59,174.8
1999-05-31,442599000,1128586000,138.5,22695700000,97.19,1856.6524,3.602,4.42,11.1,3.63E+11,5.58E+11,6.34E+11,119.6,122.3,2212000,125600,1681000,98.5,-6.1,-59.4,3.5,-18.5,5780200000,90.41112,96.041258,100.09515,91.839942,96.825738,95.83414,97.484421,94.685412,2.57,1.032,73.05,71.04,54.9,76.07,61.86,173.62
1999-06-30,820652000,1452206000,136.2,19829300000,96.5,1877.5357,3.966,4.8,11,3.76E+11,5.69E+11,6.42E+11,121.5,124.2,2261000,125600,1867000,101.9,-1.9,-58.1,5.4,-22.9,9413200000,89.690514,95.768279,100.081152,91.156013,95.979258,95.567299,97.521336,93.928685,2.71,1.256,73.05,70.95,54.9,76.17,61.86,172.91
1999-07-31,587528000,4472277000,145.5,25339300000,96.52,1809.1198,4.282,5.06,11,3.69E+11,5.61E+11,6.37E+11,122.4,124.9,2191000,124600,1866000,100.9,-3.1,-58.1,5.5,-28.2,-15696500000,89.753005,95.868305,100.086499,91.177142,96.13369,95.922289,97.686851,94.092578,2.86,1.422,73.33,70.58,55.78,76.17,62.12,172.91
1999-08-31,232558000,1647105000,77.7,39923200000,96.8,1833.0981,4.533,5.14,10.9,3.56E+11,5.48E+11,6.25E+11,123.2,125.3,1428000,107600,1712000,103.6,-1.4,-54.8,10.2,-23.3,-1359800000,90.48929,96.046502,100.098568,91.669745,96.630996,95.9206,97.546041,94.33274,2.91,1.623,73.33,70.49,55.78,76.26,62.21,172.09
1999-09-30,356008000,59998000,136.9,16282600000,96.18,1818.1242,4.649,5.33,10.9,3.64E+11,5.56E+11,6.30E+11,123.7,126.4,2194000,115600,1975000,106.2,1.6,-46.9,15.2,-23.9,10519100000,89.994891,95.763436,100.084481,91.062152,95.961715,95.683466,97.709487,93.595389,2.92,1.729,73.51,70.39,55.78,76.36,62.91,172.09
1999-10-31,106840000,1751319000,143.5,10277200000,96.52,1842.2247,4.979,5.39,10.7,3.71E+11,5.63E+11,6.36E+11,124.9,127.4,2420000,115600,1894000,107.4,3,-58.3,14.2,-11,6412100000,90.708172,95.88791,100.10636,91.619883,96.725856,96.005434,97.981825,94.213771,3.43,1.549,73.79,70.49,55.78,76.83,63.08,172.09
1999-11-30,-583857000,-361816000,135.2,32580000000,95.63,1923.0014,4.792,5.36,10.7,3.63E+11,5.54E+11,6.28E+11,125.7,128,2231000,120600,1981000,108.6,4.8,-52.2,13.9,-13.8,-18412600000,89.675961,95.64293,100.085669,90.728993,95.548479,95.724143,97.957261,93.23401,3.37,1.422,73.88,70.67,55.78,77.01,63.52,169.72
1999-12-31,-358021000,-410626000,115.9,60879800000,94.93,1931.7308,4.907,5.61,10.6,3.96E+11,5.90E+11,6.64E+11,124.3,125.5,2056000,112600,2028000,110.5,6.3,-59.4,12.2,-5.1,-13815300000,88.827921,95.323024,100.079086,90.012394,94.488199,95.27003,97.829677,92.354605,3.4512,1.4558,73.98,70.76,55.86,77.2,63.7,168.9
2000-01-31,-219187000,-675775000,107.8,9328600000,94.95,1979.0571,5.187,5.78,10.6,3.97E+11,5.89E+11,6.66E+11,124.6,125.9,2148000,118078.868,1812000,116.6,7.3,-16.9,24.6,-12.1,-1303600000,88.938256,95.161857,100.093095,90.104329,94.589186,95.298977,98.006136,92.458687,3.5539,1.6331,74.07,70.95,55.86,77.2,63.96,168.78
2000-02-29,-1017516000,345538000,128.4,38932800000,94.5,2011.1233,5.246,5.76,10.6,3.92E+11,5.84E+11,6.64E+11,125.2,127.2,2278000,118078.868,1971000,119.4,8.5,10.6,28.9,-8,-793400000,88.326459,95.024289,100.103424,89.628428,93.924957,95.1875,98.066348,91.962107,3.7831,1.4629,74.35,71.22,55.86,77.3,64.14,168.78
2000-03-31,-581570000,960977000,141.9,22843500000,93.94,2023.4823,5.17,5.5,10.5,3.96E+11,5.87E+11,6.66E+11,126.3,128.6,2458000,131658.64,1883000,120.3,10.7,-8.4,31.7,-11.1,13425600000,87.628736,94.852686,100.099814,89.021084,93.011732,94.898755,97.935212,91.140996,3.9931,1.1769,74.53,71.4,55.95,77.39,64.58,167.13
2000-04-30,174494000,46252000,129.2,7714900000,93.32,2124.7827,5.133,5.57,10.3,4.06E+11,5.96E+11,6.76E+11,127.3,129.7,2212000,139580.174,1761000,121.8,10.5,6.7,33.1,-11.4,11755500000,87.042922,94.590485,100.105479,88.459664,92.183123,94.427715,97.800704,90.358457,4.1727,0.9603,74.63,71.77,55.95,77.67,64.75,166.65
2000-05-31,267511000,-571267000,150.3,32237900000,92.65,2087.8479,5.461,5.57,10.3,4.04E+11,5.94E+11,6.76E+11,128,130.9,2326000,131658.64,1737000,122.6,12.8,16.8,31.6,-6,8656800000,86.224138,94.691096,100.120421,87.775205,91.538902,94.775301,98.146716,89.867773,4.5575,0.9035,74.91,71.96,55.95,77.77,65.37,166.65
2000-06-30,455183000,-1421064000,145.7,21782200000,93.78,2019.9324,5.395,5.56,10.2,4.02E+11,5.90E+11,6.72E+11,127.8,130.6,2357000,137316.878,1895000,119.9,10.6,-12.7,31.5,-7.9,-7584100000,87.717801,95.425002,100.140248,89.149545,92.991728,95.409243,98.043142,91.16583,4.5831,0.8119,75.09,71.96,55.95,77.77,65.45,166.65
2000-07-31,1020448000,3133337000,156.4,32404600000,93.6,2089.5808,5.506,5.55,10,3.99E+11,5.88E+11,6.74E+11,126.8,129.6,2150000,137316.878,1799000,116.1,10,-18,22.4,-6.6,-598000000,87.391248,95.282483,100.143309,88.896282,92.752024,95.540496,98.300366,91.071405,4.72094,0.78506,75.19,71.86,56.12,77.77,66.07,166.65
2000-08-31,16378000,223162000,87.2,36039800000,92.68,2177.8345,5.53,5.65,10,3.92E+11,5.79E+11,6.65E+11,128,130.2,1451000,137316.878,1802000,117.6,9.6,-4.6,21.1,-1.1,-1661400000,86.246586,94.87978,100.13602,87.853931,91.379776,95.013109,98.141795,89.870735,5.0145,0.5155,75.28,71.77,56.12,77.77,66.15,167.13
2000-09-30,915716000,-99516000,143.5,16702800000,91.95,2194.1984,5.541,5.6,9.9,3.96E+11,5.82E+11,6.65E+11,127.9,130.4,2269000,146370.06,1914000,116.5,11.5,-16.7,21.4,-2.9,9253200000,85.409822,94.91401,100.143812,87.095564,90.194344,94.743402,97.933018,88.819412,4.9437,0.5973,75.37,71.96,56.12,78.05,67.03,164.88
2000-10-31,183729000,528487000,143.4,21262800000,91.5,2284.3363,5.495,5.59,9.6,3.98E+11,5.84E+11,6.72E+11,128.4,131.2,2463000,146370.06,1845000,115.9,9.7,-10.6,19,-1.3,7022500000,84.923856,94.581629,100.152557,86.637931,89.76116,94.579262,98.168594,88.452073,5.1088,0.3862,75.65,72.14,56.12,78.62,67.12,164.88
2000-11-30,-93817000,-1325761000,134.6,23930300000,91.79,2224.2411,5.446,5.38,9.6,3.84E+11,5.68E+11,6.58E+11,130,133,2345000,135053.583,1871000,115,9.5,0.9,17.2,-1.4,2839300000,85.247135,94.855742,100.156218,86.904249,90.13316,94.950644,98.307598,88.777519,4.9905,0.4555,75.84,72.23,56.12,78.99,67.73,165.12
2000-12-31,-430106000,-445788000,130.8,52422200000,92.99,2062.3851,5.128,5.27,9.6,4.20E+11,6.05E+11,6.95E+11,131.8,134.6,2087000,135053.583,1963000,114.4,9.4,-15.5,13.2,-1.5,-22129500000,86.71295,95.223942,100.188181,88.187659,91.529147,95.120488,98.073278,89.947122,4.9905,0.1375,75.93,72.78,55.95,79.09,67.73,164.88
2001-01-31,-869428000,-1009244000,117.6,25136500000,94.39,2082.123,4.928,5.17,9.4,3.97E+11,5.81E+11,6.78E+11,128.2,131.2,2252000,116877.388,1793000,115.2,5.3,5.2,27.5,-5,-578600000,88.583017,95.873534,100.214428,89.890835,93.382062,96.02697,98.418376,91.644965,4.69831,0.22969,76.3,73.15,55.95,79.18,68,164.06
2001-02-28,-164231000,201030000,131.4,20408500000,94.03,2105.4839,4.939,5.16,9.4,3.94E+11,5.77E+11,6.78E+11,127.5,130.3,2266000,119197.937,1881000,114.1,3,-6.5,28.9,-6.6,3188400000,88.356967,95.83845,100.212893,89.73125,92.259761,95.01496,97.331557,90.619957,4.7039,0.2351,76.58,73.7,56.04,79.28,68.09,163.7
2001-03-31,-910123000,822671000,148.1,21211800000,94.05,2190.2741,4.843,5.13,9.3,4.01E+11,5.85E+11,6.91E+11,127.6,129.8,2471000,133121.234,1772000,113.6,0.1,13.5,27.6,3,12713400000,88.629616,95.751027,100.210009,90.049459,92.910458,95.384661,97.829963,91.326863,4.3444,0.4986,76.58,73.89,56.21,79.47,68.09,163.46
2001-04-30,-323023000,138983000,139.2,18652100000,93.72,2184.0509,4.914,5.46,9.2,4.07E+11,5.89E+11,6.94E+11,126.2,128.9,2278000,141243.157,1678000,107.4,-0.1,-0.5,12.7,-2.3,13974700000,88.497841,95.525172,100.201194,89.917436,92.78939,95.328927,98.031984,91.221085,4.685,0.229,76.95,74.35,57.7,79.75,68.09,163.35
2001-05-31,267031000,-583724000,156.6,23562600000,93.1,2284.4149,5.05,5.55,9.1,4.14E+11,5.98E+11,7.11E+11,126.2,128.3,2424000,122678.761,1771000,107.8,1,-17.2,12.5,-2.1,9817100000,87.525772,95.214887,100.192606,88.925681,91.455308,94.697166,97.768215,89.8804,4.467,0.583,77.14,74.8,57.78,80.03,67.65,162.99
2001-06-30,1022931000,-486948000,157,20359800000,92.62,2287.1672,4.948,5.5,9.1,4.17E+11,6.01E+11,7.10E+11,126.4,128.6,2346000,109915.74,1740000,107,-2,-9.2,13,-5.9,-9970800000,86.886076,95.057628,100.18053,88.319597,90.836524,94.67532,97.900827,89.346295,4.2516,0.6964,77.33,75.08,57.78,80.13,67.73,162.99
2001-07-31,1342523000,3776141000,161.9,46045200000,92.89,2212.9289,4.941,5.27,9.1,4.14E+11,5.98E+11,7.10E+11,124,126.3,2160000,106434.916,1882000,109.1,-3.8,0.6,20.1,-5.2,52200000,87.514744,95.193325,100.184579,88.908927,91.407954,94.851181,97.888261,89.927459,4.3232,0.6178,77.42,75.17,57.87,80.13,67.65,163.11
2001-08-31,-375997000,76293000,89.8,21361700000,93.82,2131.561,4.726,5.15,9,4.04E+11,5.89E+11,7.08E+11,126.1,128.7,1453000,123839.036,1793000,108.2,-1.8,-19.7,12.6,3,-3566200000,89.157048,95.815446,100.209986,90.376099,92.773742,95.126493,97.61743,91.053516,4.1233,0.6027,77.42,75.08,57.96,80.13,67.56,162.76
2001-09-30,595125000,-198271000,147.8,27798400000,93.96,2126.1339,4.582,5.15,9,4.26E+11,6.13E+11,7.27E+11,124.4,126.4,2304000,109915.74,1995000,102.2,-9.2,-7.1,6,-0.2,10394800000,89.690333,95.910259,100.219481,90.757424,93.195644,95.174126,97.632954,91.285283,3.4524,1.1296,77.42,75.17,57.96,80.41,67.56,162.17
2001-10-31,-498448000,3189504000,161,22653000000,93.95,2149.7393,4.288,4.75,8.9,4.32E+11,6.18E+11,7.36E+11,123.5,125.3,2374000,118037.663,1872000,94.2,-11.1,-16.4,-11.1,4.6,9268800000,89.743427,95.848957,100.219811,90.813097,93.617478,95.612724,98.143278,91.737487,3.3666,0.9214,77.51,75.36,58.04,80.97,67.65,162.17
2001-11-30,-540259000,1266423000,148.1,25167200000,93.46,2162.5089,4.137,4.89,8.9,4.27E+11,6.13E+11,7.30E+11,121.7,123,2180000,120358.212,1874000,93,-9.9,-13.3,-16.2,-0.1,11399700000,88.814162,95.591759,100.206556,90.045294,92.87473,95.704785,98.538474,91.221894,3.2149,0.9221,77.7,75.54,58.04,81.26,68.09,162.17
2001-12-31,-985948000,-376941000,136.8,58391100000,93.77,2174.6071,4.369,5.27,8.8,4.67E+11,6.58E+11,7.71E+11,123.5,123.9,1953000,144723.981,1969000,97.1,-7.5,-27.3,-7.1,-6.7,-3605000000,88.946192,95.591969,100.206258,90.280457,92.849685,95.392002,98.170983,91.289992,3.2149,1.1541,77.7,75.91,58.04,81.45,68.09,161.93
2002-01-31,-1107908000,-1061742000,127,23863800000,93.73,2249.0436,4.512,5.17,8.6,4.49E+11,6.46E+11,7.62E+11,122.4,123,2092000,115477.23,1947000,98.6,-9,-4.1,3.5,-10.4,420600000,88.712256,95.438706,100.196382,90.06489,92.186771,94.990724,97.885058,90.709048,3.26242,1.24958,78.07,76.73,57.78,81.45,67.65,161.46
2002-02-28,-847626000,35329000,139.2,17970500000,93.44,2238.4626,4.615,5.23,8.5,4.54E+11,6.53E+11,7.75E+11,123.9,125.5,2169000,124477.23,2032000,103.7,-2.6,-40.5,6,-4.2,2543700000,88.294743,95.321286,100.195243,89.664116,91.240956,94.33863,97.299597,89.83095,3.3499,1.2651,78.35,76.92,57.87,81.54,67.73,160.87
2002-03-31,-1255176000,864011000,157.4,19764100000,93.46,2219.4752,4.864,5.48,8.5,4.55E+11,6.55E+11,7.84E+11,124.8,126.3,2365000,117477.23,1866000,108.3,-1.7,-15.5,16,-5.3,14387400000,88.366016,95.376773,100.194613,89.699561,91.730832,94.814567,97.741843,90.26305,3.5312,1.3328,78.54,77.1,57.96,81.82,67.65,160.75
2002-04-30,-993100000,-2295206000,137.4,20963100000,93.6,2148.7849,4.872,5.36,8.9,4.62E+11,6.62E+11,7.89E+11,120.9,121.8,2247000,129477.23,1828000,106,-2.4,-15.2,9.5,1.7,5432400000,88.55161,95.333073,100.19592,89.842278,92.176535,95.1058,98.117036,90.656232,3.4589,1.4131,78.72,77.56,58.04,82.01,67.65,160.75
2002-05-31,-277211000,-1051551000,155.3,22625000000,94.09,2072.4687,4.901,5.39,8.8,4.66E+11,6.65E+11,7.98E+11,125.2,126.6,2385000,126477.23,1811000,106.8,-0.5,-26.3,12.5,-6.8,12270600000,89.74347,95.79743,100.223181,90.849887,93.487605,95.637211,98.236042,91.753159,3.5998,1.3012,78.91,77.84,58.04,82.2,67.73,160.75
2002-06-30,1021800000,-52438000,155.7,23605900000,94.79,1960.5171,4.75,5.19,8.8,4.70E+11,6.69E+11,8.02E+11,124.1,125.2,2236000,129477.23,1831000,103.6,-3.2,-13.4,6.7,-3.9,-7820400000,91.27978,96.202623,100.25061,92.125655,95.227489,96.2501,98.490912,93.200669,3.4619,1.2881,79,77.56,58.74,82.2,67.73,160.75
2002-07-31,1035117000,3802930000,168.4,43659400000,95.18,1974.9165,4.557,4.99,8.6,4.63E+11,6.62E+11,8.00E+11,123.5,124.4,2211000,128477.23,1941000,100.8,-4.8,-7.5,0.4,-6.1,1581200000,92.494473,96.288978,100.258306,93.083234,96.400779,96.348987,98.470322,94.13056,3.2985,1.2585,79.19,77.38,58.83,82.29,68.09,160.75
2002-08-31,-332534000,386547000,94.4,13210400000,95,1974.3756,4.288,4.8,8.6,4.54E+11,6.54E+11,7.94E+11,121.9,123.2,1295000,134477.23,1757000,99.9,-5.6,-7.3,-5.8,-0.8,4100200000,92.21471,96.241652,100.249848,92.770726,95.669736,95.914489,98.058735,93.374421,3.2564,1.0316,79.28,77.29,59.18,82.39,68.09,160.75
2002-09-30,757114000,-607321000,163.9,28622000000,95.07,1959.2917,4.034,4.49,8.6,4.65E+11,6.65E+11,8.02E+11,124.4,125.4,2348000,134477.23,1842000,105.8,1.7,11.6,-1.5,-5.3,10427400000,92.385464,96.06329,100.23911,92.833472,96.198697,96.119422,98.48414,93.775346,3.0326,1.0014,79.37,77.56,59.27,82.86,68.35,160.75
2002-10-31,-230008000,471904000,172.5,21384100000,95.21,1955.1734,4.072,4.76,8.5,4.68E+11,6.69E+11,8.08E+11,122.8,123.9,2368000,141477.23,1934000,99.4,-0.2,-1.5,-17,-4.9,7954900000,92.709976,96.038754,100.226683,92.966191,96.769863,96.423046,98.851329,94.164449,3.0267,1.0453,79.65,77.84,59.35,83.52,68.61,160.39
2002-11-30,-754941000,-1336811000,160.5,23722600000,95.5,1946.4891,4.021,4.69,8.5,4.71E+11,6.70E+11,8.09E+11,125.1,126.5,2284000,131477.23,1794000,101.9,-0.5,4.8,-8,0,2680000000,93.121192,96.156379,100.227917,93.362253,97.353433,96.893961,99.28595,94.797979,2.8673,1.1537,79.84,78.02,59.35,83.8,68.7,160.16
2002-12-31,-1223027000,-2786854000,151.2,66666400000,95.86,1844.7205,3.851,4.42,8.4,5.11E+11,7.12E+11,8.53E+11,123.8,125.2,1070000,144477.23,1869000,96.9,-3.8,2.6,-11.4,-11.4,-16116600000,93.711634,96.305513,100.234407,93.865928,97.852967,96.819213,99.024354,95.231413,2.8673,0.9837,79.93,78.39,59.79,83.99,68.7,160.16
2003-01-31,-1061135000,-3471733000,131.5,23751000000,96.58,1803.7456,3.672,4.27,8.8,4.85E+11,6.88E+11,8.68E+11,125.1,125.7,2202000,132039.97,1782000,100.2,-1.2,-9.2,-5.6,-8.2,-2223900000,95.095287,96.758418,100.241642,95.116009,98.811139,97.047083,98.760261,96.123257,2.67173,1.00027,80.3,78.66,59.88,83.99,69.49,160.16
2003-02-28,-1711669000,-1066136000,145.6,19506500000,97.01,1796.5423,3.477,4.09,8.7,4.89E+11,6.96E+11,8.77E+11,122.5,122.3,2200000,137039.97,2031000,99.3,-1.4,-13.6,-9.4,-4.4,6563300000,95.791038,97.078928,100.25234,95.698994,98.450735,96.297867,97.629998,95.686916,2.3286,1.1484,80.4,78.76,59.88,84.08,69.84,160.04
2003-03-31,-1170035000,-1555021000,167.7,21478100000,97.23,1774.6691,3.495,4.2,8.7,4.99E+11,7.07E+11,8.90E+11,122.7,123.2,2478000,147039.97,1807000,99.1,-2.4,-11.1,-10.1,-3.1,14102200000,96.123747,97.45253,100.25246,96.019585,99.52216,97.463861,98.45535,96.733416,2.3707,1.1243,80.68,78.94,60.05,84.37,70.1,160.04
2003-04-30,-321454000,-1468672000,152.7,19002200000,97.46,1735.726,3.629,4.24,8.4,5.05E+11,7.14E+11,8.98E+11,124.4,125.2,2301000,152039.97,1819000,98.3,-3.1,-11.4,-11.7,-2.7,16871200000,96.159897,97.541577,100.245529,96.190558,100.214098,98.24664,99.197741,97.574654,2.4023,1.2267,80.86,79.31,63.28,84.65,70.45,159.69
2003-05-31,237493000,-1524724000,168.5,24680200000,98.7,1647.0292,3.33,3.85,8.5,5.13E+11,7.20E+11,9.06E+11,120.3,120.9,2435000,152039.97,1793000,97,-5.5,-20.4,-6.3,-5.8,6975400000,97.97451,98.046301,100.257497,97.744335,102.287031,98.964334,99.459836,99.316636,2.1017,1.2283,81.05,79.58,63.37,84.74,70.28,159.69
2003-06-30,6004000,-3015060000,169.3,28492200000,98.78,1686.3454,3.106,3.97,8.5,5.22E+11,7.28E+11,9.07E+11,121.8,122.3,2310000,147039.97,1855000,97.3,-5.3,-14.5,-7.2,-2.5,-10287900000,98.108264,97.962537,100.265848,97.921819,102.503387,98.927314,99.470517,99.570963,1.9234,1.1826,81.14,79.86,63.46,84.93,70.28,158.86
2003-07-31,1019205000,3595880000,177.7,40631100000,98.35,1720.1911,3.416,4.33,8.4,5.15E+11,7.22E+11,9.03E+11,123.4,124.1,2270000,142039.97,1904000,95,-9.4,-6.2,-5.6,-9.3,1549200000,97.308186,97.950163,100.271131,97.294527,101.6297,98.941168,99.51891,98.949006,1.9907,1.4253,81.23,79.95,63.46,84.93,70.37,158.86
2003-08-31,-328915000,536304000,87.1,24639100000,97.96,1763.2335,3.691,4.33,8.4,5.10E+11,7.20E+11,9.04E+11,120.8,119.1,1332000,137039.97,1747000,98.7,-4.2,-4,-4,-11.8,8035400000,96.730304,97.91023,100.272899,96.782529,100.537783,98.394436,98.974406,97.929128,2.0813,1.6097,81.51,80.04,63.54,84.93,70.37,158.5
2003-09-30,599451000,-138027000,161.9,19258000000,97.86,1658.1157,3.668,4.12,8.4,5.19E+11,7.28E+11,9.07E+11,121.3,121.9,2344000,137039.97,1930000,99.7,-2.6,-2.1,-5.9,-9.3,9623800000,96.731362,97.862649,100.265844,96.716355,100.945471,98.768488,99.469578,98.262186,2.0333,1.6347,81.61,80.59,63.54,85.12,70.45,158.15
2003-10-31,156565000,2127833000,168.9,22397600000,98.36,1664.5328,3.759,4.43,8.2,5.22E+11,7.31E+11,9.11E+11,122.6,122.9,2499000,137039.97,1910000,101.8,-1.2,-7.8,-0.5,-9.2,13088500000,97.833712,97.944128,100.26778,97.583462,102.270725,99.08666,99.759508,99.371829,2.1017,1.6573,81.7,81.05,63.63,85.69,70.63,154.25
2003-11-30,-798978000,-876688000,160.8,25201200000,98.32,1616.4096,3.875,4.58,8.2,5.24E+11,7.33E+11,9.18E+11,124.2,124.5,2391000,147039.97,1793000,101.8,-1.4,-14.9,-1.4,-6.6,-1478200000,97.8664,97.909091,100.265617,97.578781,102.477063,99.296577,100.043524,99.620728,2.0873,1.7877,81.89,81.24,63.89,85.97,70.63,153.54
2003-12-31,-171398000,-1612932000,141.5,77052300000,99.24,1535.4759,3.818,4.41,8.2,5.43E+11,7.53E+11,9.34E+11,124.2,124.5,2069000,147039.97,1961000,99.4,-5.3,-8.6,5.5,-9.9,-44782500000,99.404175,98.176628,100.273307,98.847406,103.808161,99.229638,99.71967,100.666728,2.0873,1.7307,81.98,81.51,64.5,86.16,70.72,152.95
2004-01-31,-484058000,-2392486000,131.7,22029800000,99.57,1559.7849,3.631,4.36,8.263413,5.37E+11,7.51E+11,9.25E+11,124.3,123.8,2226000,149044.008,1743000,97.3,-5.6,-13.7,-3.6,-9.9,2253800000,99.823173,98.09053,100.271159,99.160911,103.514467,98.637438,99.239696,100.356346,2.02869,1.60231,82.07,81.79,64.59,86.16,70.98,153.07
2004-02-29,-494396000,-516469000,147.9,19932600000,99.48,1558.8022,3.552,4.17,8.053204,5.30E+11,7.45E+11,9.19E+11,124,124.3,2387000,159044.008,1847000,97.1,-5.6,-16.1,-0.6,-8.9,12476100000,99.770755,97.855797,100.267553,99.110221,102.876794,97.795909,98.56795,99.712295,1.9762,1.5758,82.26,81.88,64.59,86.16,70.89,152.36
2004-03-31,-1083625000,369284000,164.5,22388700000,98.94,1575.7225,3.388,4.05,8.190369,5.39E+11,7.55E+11,9.27E+11,121.5,122,2469000,159044.008,1896000,96.1,-5,-10.2,-9.2,-12.8,15155200000,98.78321,97.652103,100.263565,98.327661,102.477726,98.242558,99.19271,99.558144,1.8328,1.5552,82.54,81.88,67.56,86.44,70.98,150
2004-04-30,-210970000,-1200511000,157.5,21156800000,98.35,1614.7592,3.583,4.4,8.052958,5.46E+11,7.63E+11,9.33E+11,123.8,124,2276000,149044.008,1776000,100.5,-1.6,-15.8,-3.2,-12.5,11333600000,98.067269,97.507032,100.257672,97.729298,102.150365,98.508686,99.595406,99.388898,1.9977,1.5853,82.72,81.97,67.82,86.54,71.16,148.94
2004-05-31,1135584000,-723698000,169.4,24255800000,98.69,1588.4903,3.754,4.5,8.099092,5.47E+11,7.66E+11,9.35E+11,123.6,124.3,2471000,159044.008,1734000,100.8,-2.9,-13.2,-2,-0.7,10313800000,98.695577,97.576675,100.260665,98.330738,102.563942,98.343124,99.382139,99.742835,2.0596,1.6944,82.91,82.06,67.91,86.72,71.33,148.23
2004-06-30,861603000,-1313013000,172,27424200000,98.64,1590.4656,3.844,4.49,7.801538,5.52E+11,7.71E+11,9.42E+11,122.9,123.6,2559000,149044.008,1875000,103.8,-1.8,-9.1,5.8,-1.9,-4357800000,98.719224,97.375632,100.257687,98.239591,102.603865,98.251988,99.498492,99.696045,2.0907,1.7533,83.1,82.16,67.91,86.82,71.51,147.17
2004-07-31,733050000,3779242000,179.7,46167300000,98.84,1607.1339,3.791,4.39,7.811283,5.57E+11,7.77E+11,9.49E+11,123.2,123.5,2423000,149044.008,1913000,102.7,-2.1,-7.6,5.5,-9.3,-1578100000,98.882496,97.357064,100.26017,98.35332,102.630941,98.189707,99.478648,99.77841,2.1094,1.6816,83.1,81.79,67.91,86.82,71.68,147.17
2004-08-31,-187716000,818638000,96,27492000000,98.81,1593.4359,3.641,4.2,7.675877,5.40E+11,7.64E+11,9.38E+11,120.4,118.8,1519000,149044.008,1693000,103.4,-0.8,-8.3,8.1,-10.7,5093700000,98.773405,97.406189,100.263167,98.311109,102.145736,97.852291,99.014751,99.384835,2.0642,1.5768,83.37,81.61,68,86.82,71.77,146.1
2004-09-30,1176811000,444837000,167.2,18033900000,98.95,1558.5186,3.648,4.15,7.896549,5.53E+11,7.78E+11,9.47E+11,122.2,122.5,2599000,149044.008,1894000,103.9,-1.6,-4.5,9.1,-11.9,9022300000,98.958454,97.577892,100.263015,98.537536,102.684702,98.409605,99.463778,99.942981,2.116,1.532,83.37,81.51,68.08,87.01,71.95,146.34
2004-10-31,201212000,552570000,176.7,21062700000,99.32,1521.8985,3.528,4.03,7.905202,5.62E+11,7.85E+11,9.56E+11,123.3,123.7,2672000,159044.008,1875000,106.8,0.4,-7,11.7,-14.1,1210300000,99.489448,97.731313,100.264542,98.953243,103.124797,98.553732,99.4753,100.253015,2.0813,1.4467,83.37,81.33,68.26,87.48,72.56,145.63
2004-11-30,-875361000,-1682587000,165.8,28462900000,99.69,1457.243,3.419,3.87,8.045449,5.54E+11,7.78E+11,9.48E+11,121.3,120.8,2635000,154044.008,1808000,104.4,-1.8,-15.2,11.6,-13.4,-322700000,100.142708,97.757974,100.260477,99.445999,103.907208,98.805692,99.759655,100.888854,2.0956,1.3234,83.37,81.15,68.26,87.57,72.74,144.92
2004-12-31,-595579000,-3158686000,138.6,84024000000,100.19,1425.0479,3.278,3.82,7.756441,5.78E+11,8.08E+11,9.81E+11,120.2,119.4,2181000,154044.008,1895000,100.3,-3.4,-2.7,1,-7.2,-14321400000,100.714076,97.560097,100.251257,99.952658,104.656136,98.59909,99.727176,101.57488,2.0956,1.1824,83.56,81.24,71.4,87.67,72.74,144.33
2005-01-31,-981884000,-3321718000,131.9,25709000000,99.84,1485.6165,3.244,3.65,7.735349,5.75E+11,8.05E+11,9.71E+11,120.5,121,2492000,160205,1720387,99.9,-3.8,-13.3,2.6,-13.9,102100000,100.000504,97.585572,100.247842,99.389518,103.110004,98.12369,99.285667,100.340711,2.10107,1.14293,83.56,81.24,71.4,87.67,73.35,144.33
2005-02-28,-899750000,-1572091000,144.9,19942200000,99.64,1459.2165,3.252,3.8,7.899619,5.71E+11,8.02E+11,9.69E+11,120.9,120.3,2486000,158205,1888393,97.7,-5.4,-5.6,-3.3,-17.5,10967500000,99.463198,97.29839,100.237594,98.970047,101.967166,97.256707,98.618944,99.401774,2.1008,1.1512,83.84,81.51,71.4,87.76,73.44,143.03
2005-03-31,-705713000,-1730862000,165.8,23314200000,99.85,1489.9903,3.38,3.75,7.833172,5.72E+11,8.08E+11,9.74E+11,121,120.3,2652000,163205,1863839,97.5,-6.6,-5.7,0.8,-18.8,15773300000,99.864754,97.339605,100.241901,99.295146,103.05215,97.936997,99.222666,100.376954,2.1287,1.2513,84.12,81.7,71.4,87.95,73.7,142.8
2005-04-30,-77128000,-2658260000,158.3,21938100000,99.55,1499.9831,3.226,3.56,7.868071,5.91E+11,8.25E+11,9.88E+11,123.7,122.7,2530000,167205,1779033,98.8,-8.5,-5.9,5.6,-15.8,16430000000,99.412633,97.30776,100.259049,99.053117,102.900598,98.282251,99.691162,100.44917,2.0653,1.1607,84.31,81.79,71.49,88.04,74.58,141.97
2005-05-31,196407000,-580646000,172.5,24693100000,99.19,1568.3267,3.09,3.48,7.571586,5.92E+11,8.27E+11,9.95E+11,120.8,119.9,2556000,167205,1699903,97.4,-8.6,-6,3.5,-15.9,14277400000,98.805537,97.350703,100.252351,98.617815,102.457131,98.471085,99.857573,100.18996,2.0475,1.0425,84.49,81.97,71.57,88.14,74.58,141.38
2005-06-30,559996000,-511792000,166,36566000000,98.39,1601.1734,2.941,3.33,7.804223,5.98E+11,8.37E+11,1.01E+12,120.7,119.8,2475000,170205,1737900,95.4,-8.9,-6.9,-1.2,-16.7,-4486000000,97.389237,97.006864,100.241903,97.410482,100.901023,98.012166,99.72107,98.899387,2.015,0.926,84.49,81.97,71.57,88.23,74.75,140.67
2005-07-31,560628000,3182625000,181.2,31480000000,98.64,1592.2202,3.01,3.44,7.540114,5.99E+11,8.39E+11,1.01E+12,122.6,121.7,2517000,163205,1785903,98,-6.7,-3.7,2.2,-10.8,-4907500000,97.44619,97.397162,100.248406,97.591186,100.65256,98.206702,99.566517,98.857183,2.056,0.954,84.86,81.61,73.15,88.23,75.54,140.55
2005-08-31,-804774000,-1801962000,100.4,27645000000,98.85,1574.37,3.031,3.31,7.528607,5.80E+11,8.22E+11,9.95E+11,121.5,123.1,1535000,163205,1630000,100.3,-3.7,-1,6.3,-15.1,7631600000,97.769316,97.245839,100.24452,97.861902,100.58715,97.614455,99.045147,98.690517,2.0642,0.9668,84.96,81.51,73.15,88.23,75.81,140.43
2005-09-30,949416000,-725239000,172.2,19385200000,98.75,1606.4333,2.935,3.34,7.732646,5.92E+11,8.36E+11,1.00E+12,122.1,120.9,2485000,162205,1784700,100.4,-2.9,-0.7,2.9,-15.9,11695500000,97.472151,97.036362,100.240162,97.604568,100.235362,97.405958,99.024971,98.32655,2.0894,0.8456,84.96,81.51,73.15,88.33,76.07,139.72
2005-10-31,188152000,-150545000,176.3,24053700000,98.64,1616.5672,3.126,3.58,7.771482,6.03E+11,8.47E+11,1.02E+12,122.4,121.6,2787000,167205,1758581,105.3,-1.8,1.4,15.4,-15.4,6321500000,97.211598,97.213262,100.249209,97.516154,100.438512,98.136497,99.634968,98.721506,2.2121,0.9139,85.24,81.51,73.32,88.7,76.95,139.49
2005-11-30,-440172000,-1666010000,170.1,28475200000,98.43,1642.1431,3.359,3.62,7.547538,5.95E+11,8.41E+11,1.01E+12,123.6,122.9,2615000,170205,1832867,105.9,-1.9,-6.4,17,-15.7,7560700000,96.779639,97.242591,100.244616,97.271925,100.175938,98.384328,99.932113,98.713723,2.4516,0.9074,85.24,81.61,73.32,88.89,76.95,139.13
2005-12-31,-639252000,-1876030000,146.9,73356300000,98.45,1641.2108,3.322,3.52,7.528317,6.25E+11,8.78E+11,1.04E+12,121.7,121.2,2220000,165205,1896161,105.9,-1,5.1,11.7,-10.3,-21515500000,96.855375,97.121194,100.229412,97.295384,100.031774,97.920203,99.509246,98.529113,2.4516,0.8704,85.24,81.88,73.32,88.89,76.86,139.02
2006-01-31,-1200740000,-4656350000,130.8,26192800000,98.63,1594.7291,3.332,3.69,7.297439,6.15E+11,8.67E+11,1.03E+12,122.2,121.5,2492000,164197,1792452,107.1,0.8,3.7,12,-13.7,2628300000,97.247893,97.158685,100.22037,97.621742,99.569484,97.467335,99.043459,98.120716,2.54879,0.78321,85.42,82.16,73.58,88.89,77.65,139.02
2006-02-28,-982904000,-3982691000,151.1,22786300000,98.45,1623.5993,3.486,3.7,7.292172,6.12E+11,8.67E+11,1.03E+12,124.6,124,2583000,174197,2044857,106.2,0.9,6.3,6.4,-15.1,7712000000,96.707509,97.036431,100.218174,97.313726,98.555551,96.815474,98.457541,97.392377,2.642,0.844,85.7,82.25,74.98,88.89,77.91,139.13
2006-03-31,-1169400000,-3317609000,169.3,25444800000,98.68,1599.4014,3.687,4.05,7.131294,6.18E+11,8.77E+11,1.04E+12,125.2,124.2,2900000,164197,1971226,107.4,2.3,3,9.7,-14.6,17375000000,97.090202,97.268484,100.220838,97.720877,99.748286,97.843231,99.24148,98.585158,2.8198,0.8672,85.89,82.43,75.24,88.89,78.26,138.43
2006-04-30,263924000,-2706240000,159.2,22693700000,99,1537.3411,3.939,4.27,7.007844,6.34E+11,8.93E+11,1.06E+12,124.3,124,2636000,164197,1640333,110.6,5,3.6,18.2,-14.9,9368000000,97.666918,97.369099,100.218935,98.263282,100.674762,98.294244,99.617716,99.433116,2.8532,1.0858,86.17,82.52,75.24,89.18,79.14,137.95
2006-05-31,231835000,-1591109000,177.5,28656700000,99.27,1507.9828,3.986,4.28,6.956014,6.35E+11,8.96E+11,1.06E+12,127.1,126.4,2842000,164197,1711807,110.7,4.9,3.9,15.3,-17.4,14243500000,98.587015,97.13011,100.223416,98.876245,101.484401,97.940811,99.576252,99.891871,2.9705,1.0155,86.35,82.71,75.24,89.18,79.14,136.89
2006-06-30,914589000,-1124359000,171.8,44637800000,99.31,1514.1537,4.038,4.37,6.654036,6.35E+11,8.97E+11,1.07E+12,127.4,126.9,2715000,164197,1734833,112.7,7.6,4.1,18.7,-17.6,-16181400000,98.910295,97.31529,100.234836,99.312382,101.842022,98.178916,99.667799,100.367064,3.1402,0.8978,86.45,82.98,75.24,89.36,79.14,135.83
2006-07-31,686478000,1815143000,185.3,36471300000,99.41,1517.3619,4.087,4.2,6.53998,6.27E+11,8.91E+11,1.07E+12,125.6,125.2,2648000,159197,1754677,111.5,5.7,1,16.5,-10.4,-6100000000,98.900985,97.350422,100.242102,99.35263,101.565187,98.081249,99.528931,100.223407,3.1938,0.8932,86.72,83.08,76.81,89.36,80.28,135.47
2006-08-31,-741703000,-1091842000,104,29199600000,99.52,1512.2462,3.993,4.04,6.66736,6.06E+11,8.72E+11,1.06E+12,127.3,128.3,1812000,164197,1622065,110.5,4.7,5.8,16.7,-13.2,7409500000,98.832586,97.041395,100.225823,99.207858,101.044069,97.289459,99.038506,99.60757,3.2976,0.6954,86.82,83.26,76.9,89.36,80.46,134.65
2006-09-30,323581000,-2327007000,169.3,21004600000,99.46,1526.6046,3.914,3.99,6.648285,6.25E+11,8.93E+11,1.08E+12,127,126.6,2726000,164197,1795133,112.5,5.2,6.9,17.9,-18.6,8704900000,98.736697,97.083029,100.221898,99.215565,101.717711,98.091575,99.900863,100.379419,3.406,0.508,86.82,83.53,76.9,89.46,80.37,135
2006-10-31,-1482000,-791676000,189.5,27011600000,99.36,1516.8954,3.955,3.99,6.623088,6.33E+11,8.97E+11,1.08E+12,127.2,126.9,2967000,164197,1733194,110.5,5.9,5.2,15.7,-13,4799600000,98.417504,96.942505,100.205497,98.984637,101.486119,98.028914,99.992942,100.268383,3.5634,0.3916,86.72,83.72,76.9,89.84,80.46,135.47
2006-11-30,-684520000,-1675988000,183.4,32074900000,99.61,1461.0127,3.902,3.93,6.546168,6.25E+11,8.90E+11,1.08E+12,127.3,127.2,2816000,164197,1811067,109.4,4.5,8.1,15.1,-21.4,7138800000,98.779974,96.799397,100.183911,99.244352,101.870951,97.915513,100.053696,100.592798,3.606,0.296,86.82,83.9,76.9,90.12,80.46,133.23
2006-12-31,-875566000,-1817469000,166.6,74763800000,100,1468.5738,3.972,4.19,6.199622,6.67E+11,9.41E+11,1.12E+12,129.6,130.3,2491000,164197,1729323,111.8,5.6,1.9,15,-8.7,-16719000000,99.330557,96.670201,100.161304,99.682249,102.184178,97.489449,99.714123,100.825109,3.606,0.366,86.82,84.09,76.9,90.12,80.63,132.4
2007-01-31,-1511579000,-5554350000,148.9,28341800000,99.83,1490.0624,4.167,4.3,6.205937,6.47E+11,9.18E+11,1.10E+12,128,128.7,2673000,165240,1667100,107.7,3.9,3.9,8.3,-10.4,924200000,98.933239,96.556195,100.155143,99.438194,100.86431,96.72733,99.082672,99.75753,3.73933,0.42767,86.91,84.27,76.99,90.12,80.89,132.87
2007-02-28,-1397148000,-3096388000,165,25164600000,100.01,1465.5898,4.195,4.19,6.012823,6.42E+11,9.11E+11,1.10E+12,129,129.4,2672000,173240,1810700,111,4.7,4.8,17.1,-12.1,2412900000,99.059051,96.687857,100.14857,99.602232,100.710774,96.547515,98.731499,99.682452,3.8659,0.3291,87.19,84.36,78.47,90.21,81.16,132.17
2007-03-31,-1436685000,-1977477000,184.4,25303200000,100.25,1454.6707,4.134,4.29,6.029077,6.46E+11,9.20E+11,1.12E+12,129.9,129.9,3030000,166240,1760900,111.8,6.2,7.3,17.5,-9.3,14479900000,99.459984,96.886293,100.131191,99.891249,101.601429,97.250418,99.221523,100.442275,3.9197,0.2143,87.28,84.45,78.47,90.31,81.16,123.9
2007-04-30,-511227000,-2608101000,179.4,25004800000,100.61,1420.2417,4.326,4.37,5.822419,6.60E+11,9.32E+11,1.13E+12,127.5,127.6,2701000,168240,1681800,111.6,7.7,6.7,16.1,-8.6,10498900000,99.822744,96.762729,100.120625,100.191907,102.106659,97.252161,99.294179,100.841373,4.0215,0.3045,87.47,84.73,78.56,90.4,80.98,124.25
2007-05-31,-391761000,-1437373000,191,28362700000,100.68,1438.8894,4.46,4.6,6.069132,6.57E+11,9.28E+11,1.13E+12,130.1,129.7,2778000,173240,1753500,110.6,7,7.3,14.5,-14.4,9852400000,99.721784,96.757954,100.126605,100.182387,102.065181,97.388626,99.48919,100.901818,4.1358,0.3242,87.75,84.91,78.56,90.4,80.98,124.37
2007-06-30,83165000,73233000,186.3,47721900000,100.54,1433.6235,4.716,4.8,5.936667,6.67E+11,9.36E+11,1.14E+12,129.3,129.2,2725000,173240,1720900,108.7,5.2,7.1,14.1,-18.1,-18035700000,99.389564,96.714202,100.13465,99.962392,101.773457,97.47555,99.661811,100.828103,4.1813,0.5347,87.93,85.1,78.56,90.49,81.16,122.95
2007-07-31,181697000,2894501000,206.3,36294100000,100.79,1414.087,4.713,4.64,6.302421,6.58E+11,9.27E+11,1.13E+12,128.5,128.6,2612000,162240,1736200,108,4.2,5,13.2,-14.4,-4652200000,99.651968,96.534693,100.114832,100.146781,101.465504,96.904149,99.187127,100.609909,4.2482,0.4648,88.12,85.1,78.64,90.49,81.33,123.31
2007-08-31,-1055894000,-1834259000,108.6,34559200000,100.62,1420.5722,4.513,4.52,6.125602,6.36E+11,9.05E+11,1.11E+12,133.4,134.2,1656000,174240,1601500,107.1,3.5,4.2,14.6,-12.9,1299000000,99.65535,96.733466,100.123443,100.070714,101.088552,96.722935,98.83235,100.184445,4.0603,0.4527,88.21,85.28,78.64,90.49,81.33,123.31
2007-09-30,-87194000,-1225218000,183.4,22862600000,100.97,1361.3953,4.441,4.59,6.10746,6.57E+11,9.26E+11,1.13E+12,130.1,130.1,2652000,166240,1702200,105.6,1.4,1.9,14.3,-13.3,5471300000,100.086651,96.937526,100.131287,100.444165,102.027513,97.378633,99.336352,101.024478,4.0551,0.3859,88.21,85.92,78.73,90.87,81.51,123.19
2007-10-31,-359672000,-561246000,197.2,28069400000,101.36,1338.3865,4.458,4.52,6.138087,6.58E+11,9.60E+11,1.17E+12,128.5,128.1,2910000,165240,1797600,103.6,1,2.6,10.3,-10.8,7818300000,100.449793,96.946639,100.125503,100.771322,102.57759,97.640598,99.643847,101.59449,4.0099,0.4481,88.49,86.66,78.73,91.15,82.3,122.13
2007-11-30,-994053000,-2907820000,182.1,32903000000,101.83,1314.9261,4.324,4.47,6.254668,6.49E+11,9.54E+11,1.16E+12,127.1,126.7,2755000,170240,1775500,103.6,0.6,5.9,9.6,-14.7,4310900000,101.294022,97.196109,100.112953,101.438817,103.167109,97.685081,99.413104,102.044889,4.0099,0.3141,88.86,87.12,78.82,91.44,82.74,122.48
2007-12-31,-811519000,-4131676000,151.4,74924500000,101.99,1324.3352,4.414,4.63,6.55062,6.84E+11,9.98E+11,1.21E+12,128,128.5,2368000,166240,1743100,103,0.7,2.7,7.5,-17.9,-12429900000,101.297851,97.393447,100.117703,101.523438,103.126464,97.80704,99.364348,102.133539,4.0099,0.4041,89.14,87.58,78.82,91.44,82.91,122.48
2008-01-31,-1567914000,-7070194000,152.9,31076500000,102.12,1306.4002,4.22,4.29,6.57766,6.71E+11,9.87E+11,1.20E+12,130.7,131.1,2669000,169245,1685800,101.8,0,0.5,5.6,-14.6,-1584000000,101.635344,97.868583,100.122938,101.815451,102.676578,97.78612,98.966842,101.761989,3.90745,0.31255,89.52,88.13,80.48,91.53,84.14,121.54
2008-02-29,-1605665000,-4135570000,172.4,27739800000,102.05,1275.3064,4.09,4.32,6.647405,6.61E+11,9.82E+11,1.21E+12,129.9,130.4,2779000,176245,1761200,100.3,-1,-0.2,3.3,-19.8,8762900000,101.509365,97.835617,100.106292,101.72875,101.982592,97.252151,98.43135,101.251156,3.8987,0.1913,89.7,88.5,80.48,91.63,84.4,121.06
2008-03-31,-1674130000,-5271728000,191.7,26258900000,102.81,1222.3587,4.188,4.41,6.453643,6.72E+11,9.94E+11,1.21E+12,130.6,131,2882000,165245,1612400,98,-2.2,0.2,-2.6,-16.1,11528200000,103.064759,98.153735,100.085369,102.908184,104.446833,98.37774,99.159514,103.28516,4.1714,0.0166,90.17,89.05,80.65,91.81,84.67,121.3
2008-04-30,-952085000,-2583385000,175.8,25568200000,103.35,1243.6277,4.39,4.56,6.773137,6.87E+11,1.01E+12,1.23E+12,131.7,131.2,2928000,167245,1671600,96.7,-4.9,-3.5,-3.1,-16.8,11688300000,103.707878,98.267167,100.081024,103.577677,105.192809,98.714751,99.480354,104.102039,4.0776,0.3124,90.35,89.51,80.74,91.91,85.9,120.94
2008-05-31,-747386000,-1435335000,191.8,28674700000,103.31,1245.8437,4.558,4.9,6.758153,6.93E+11,1.02E+12,1.25E+12,127.1,127.1,2892000,160245,1666000,100.4,-2.4,-5.8,2.7,-21.6,8103200000,103.234491,98.137129,100.048225,103.126712,104.731514,98.613108,99.482239,103.628562,4.1674,0.3906,90.82,89.88,80.91,92.1,86.42,120
2008-06-30,-458393000,-1804292000,191,46648200000,103.38,1229.2264,5.016,5.22,6.816878,6.92E+11,1.01E+12,1.24E+12,128.5,128.6,2893000,158245,1665700,98.3,-4,-4.3,2.4,-24,-14960900000,103.07802,98.022597,100.00626,103.124528,104.523198,98.551827,99.537164,103.623543,4.4861,0.5299,91.28,90.34,81,92.19,87.04,120.24
2008-07-31,112784000,572888000,206.7,40110600000,103.62,1240.9331,5.01,4.96,6.579095,6.78E+11,9.98E+11,1.23E+12,124.4,124.4,2677000,161245,1759700,95,-6.5,-10.8,1.1,-20.7,-3675800000,103.165065,97.821545,100.006205,103.211818,103.853939,97.848461,99.029017,103.064775,4.4334,0.5766,91.75,90.43,82.66,92.19,88.35,119.29
2008-08-31,-1245341000,-5356793000,109.8,31386500000,102.99,1315.687,4.7,4.8,6.72341,6.58E+11,9.82E+11,1.23E+12,121.4,121.5,1613000,162245,1554300,94,-7.3,-3.9,-2.8,-22.8,4340200000,101.850836,97.874426,100.006906,102.186243,102.635134,97.925019,99.128519,102.116052,4.3866,0.3134,91.84,90.61,82.75,92.1,88.09,118.46
2008-09-30,-384256000,-4968870000,181.6,22586600000,102.44,1378.2255,4.666,4.89,6.775287,6.83E+11,1.01E+12,1.25E+12,120.5,119.5,2730000,163245,1695000,95.2,-8.9,-3.6,0.5,-20.5,12732700000,101.334568,98.162186,100.005595,101.570603,102.442976,98.440043,99.428637,101.783543,4.2853,0.3807,91.56,90.89,82.83,92.47,87.83,117.76
2008-10-31,-415529000,-3225195000,189.6,29341300000,101.21,1526.0798,4.348,5.16,6.89297,6.99E+11,1.02E+12,1.26E+12,118,117,2571000,173245,1690100,91.1,-13.5,-5.6,-7.4,-26.6,12542200000,100.40202,98.43526,100.013481,100.616238,101.964025,99.229276,99.992661,101.354931,2.9415,1.4065,91.56,91.07,82.92,92.76,88.44,117.76
2008-11-30,-936791000,-5697009000,171.4,32564600000,100.89,1526.3833,4.237,4.47,6.983551,7.06E+11,1.04E+12,1.26E+12,114,113.5,2322000,158245,1588800,84.9,-20.9,-10.9,-8.1,-34.9,5310000000,100.038135,99.298414,100.010554,100.388712,101.620722,100.073347,100.045712,101.264132,2.4783,1.7587,91.28,91.16,83.01,92.95,88,118.11
2008-12-31,-757767000,-5021125000,132.2,70361700000,102.21,1388.6951,4.133,4.32,6.757521,7.31E+11,1.07E+12,1.29E+12,109.2,109.2,1633000,156245,1655200,80.5,-26.6,-18,-11.5,-29.3,-2895000000,102.722515,100.725301,100.003023,102.414123,104.522174,101.57365,100.065186,103.51199,2.4783,1.6547,91.1,91.25,83.01,92.95,88,118.46
2009-01-31,-1661850000,-6636711000,125.6,29674600000,101.87,1506.9026,4.008,4.54,7.223196,7.26E+11,1.07E+12,1.28E+12,105.1,104.8,1604000,147249,1507200,79.6,-27.9,-10.9,-12.6,-35.6,81000000,103.156298,101.396049,99.998613,102.541389,103.374165,101.005468,98.963656,102.231191,1.70296,2.30504,91,91.44,83.01,93.04,87.56,117.64
2009-02-28,-1772534000,-4258333000,152.2,25216800000,101.35,1525.7683,3.8,4.66,7.254014,7.22E+11,1.06E+12,1.27E+12,101.2,100.3,1684000,140249,1585800,79.3,-30.9,-12.7,-12.8,-34.6,14038400000,103.025345,101.581227,99.999034,102.220934,103.008804,100.820798,98.621443,101.685434,1.2394,2.5606,91.19,91.53,83.97,92.95,87.65,118.82
2009-03-31,-1714680000,-3908203000,164.7,26124400000,102.2,1458.4505,3.765,4.38,7.560826,7.30E+11,1.07E+12,1.28E+12,97.2,96.1,1657000,153249,1522100,73.6,-34.4,-13.5,-22.3,-36.4,14743800000,104.069146,101.98056,99.999881,103.384274,104.892647,102.133796,99.582446,103.731371,1.1709,2.5941,91.28,91.71,84.84,93.13,87.48,118.94
2009-04-30,-478924000,-2301098000,155.7,25770700000,102,1460.8921,3.613,4.28,7.422316,7.48E+11,1.09E+12,1.30E+12,97.7,96.6,1490000,152249,1527200,77.5,-30.1,-12.7,-21,-40.7,18145700000,103.356749,101.386392,100.000211,102.852051,104.555023,101.920314,99.979448,103.57988,1.0728,2.5402,91.47,91.9,84.93,93.23,86.77,119.53
2009-05-31,-430055000,-2158880000,175.8,28034600000,102.1,1368.637,3.55,4.49,7.348856,7.52E+11,1.10E+12,1.30E+12,99.5,98.5,1740000,148249,1481000,82.5,-26.9,-10.1,-14.8,-37.1,6882000000,103.508449,101.040898,100.000175,103.007621,104.800936,101.687456,100.20589,103.823141,1.0255,2.5245,91.66,92.08,84.93,93.32,86.77,120.59
2009-06-30,-44049000,-2188679000,167.9,45058300000,102.38,1380.5639,3.745,4.42,7.616941,7.61E+11,1.11E+12,1.31E+12,98.7,97.5,1705000,139249,1541900,82.4,-26.5,-8.1,-17.6,-38.2,-5332600000,104.045576,100.840552,99.997721,103.453806,105.268562,101.49097,100.229254,104.214289,0.7584,2.9866,91.75,91.99,84.93,93.42,86.95,119.17
2009-07-31,331564000,2369810000,180.6,37905400000,102.43,1365.7139,3.513,4.15,7.808973,7.54E+11,1.10E+12,1.30E+12,100.9,99.9,1649000,132249,1692800,86.9,-24.3,-5,-11.5,-39.7,1634300000,103.999558,100.635439,99.997421,103.226699,104.152141,100.512175,99.616918,103.097038,0.5949,2.9181,91.75,91.81,85.02,93.42,86.33,119.29
2009-08-31,-895083000,-3461278000,91.9,33175700000,102.48,1349.4963,3.4,4.05,7.885091,7.52E+11,1.10E+12,1.30E+12,98.7,97.8,750000,145249,1416100,89.8,-21.2,-5.7,-6.1,-37.2,6665400000,103.996151,100.33349,99.997659,103.126703,104.13921,100.080417,99.396378,102.939704,0.5508,2.8492,92.03,91.53,85.02,93.32,86.25,118.94
2009-09-30,-276914000,-3239148000,160,20106700000,102.76,1324.3767,3.308,4,8.150483,7.66E+11,1.11E+12,1.32E+12,101.6,100.4,1942000,141249,1597000,90.7,-20.6,-7.2,-7,-34.1,12661400000,104.560104,100.69755,99.998496,103.633645,105.450448,101.202267,100.202867,104.159786,0.5528,2.7552,91.75,91.53,85.1,93.51,86.16,120
2009-10-31,-355306000,-634579000,168.3,28489300000,103.03,1313.1378,3.256,3.95,8.141641,7.79E+11,1.13E+12,1.33E+12,103.4,102.2,2216000,151249,1599000,92.8,-18.3,-8,-7.4,-34.8,10774800000,104.852754,101.097497,100.000059,104.075425,105.990711,101.918645,100.527845,104.864873,0.629,2.627,91.84,91.62,85.1,93.79,86.16,119.65
2009-11-30,-954280000,-2469655000,159.5,30757700000,102.96,1289.7061,3.259,3.87,8.150972,7.83E+11,1.13E+12,1.33E+12,103.6,102.5,1936000,155249,1501000,95.4,-15.7,-2.1,-5.6,-36.1,5786300000,104.816217,100.880182,100.000048,104.039753,105.846153,101.663257,100.554596,104.765555,0.6802,2.5788,91.84,91.62,85.19,93.89,86.16,119.29
2009-12-31,-785258000,-829374000,127.1,71138900000,102.64,1349.5978,3.212,4.07,8.338719,8.10E+11,1.16E+12,1.36E+12,102,101.6,1477000,140249,1563500,97.1,-13.4,0.3,-0.8,-41,-3739900000,104.321231,100.896848,99.999705,103.569053,105.216389,101.481606,100.348221,104.207638,0.6802,2.5318,92.03,91.71,86.67,93.89,85.98,118.82
2010-01-31,-1080597000,-6791762000,122,28809500000,101.99,1392.7853,3.245,4.06,8.362047,8.08E+11,1.16E+12,1.36E+12,105.7,103.9,1881000,166834,1368800,101.3,-10.2,6.9,3.5,-34.8,-5225900000,103.121916,100.535331,100.000018,102.616588,102.617502,100.103817,99.547631,101.949944,0.58503,2.65997,92.21,91.71,86.76,93.89,86.16,117.99
2010-02-28,-1112022000,-5565144000,132.9,24670300000,101.19,1418.2368,3.27,3.98,8.520364,7.92E+11,1.14E+12,1.34E+12,104.6,103.5,2190000,159834,1535600,101.4,-8.7,1.3,8.6,-40.3,13405100000,101.788952,100.334902,100.000094,101.525304,100.74449,99.332694,98.943951,100.373217,0.6471,2.6229,92.21,91.71,86.76,93.89,86.42,118.82
2010-03-31,-1349672000,-5626831000,154.1,26192800000,101.03,1432.1992,3.144,3.86,8.386044,7.93E+11,1.14E+12,1.35E+12,105.1,104.3,2371000,176834,1563000,101.3,-8.4,7,5,-37.5,17639000000,101.254449,100.389558,99.999873,101.218833,101.115935,100.123063,99.592806,100.909955,0.5678,2.5762,92.49,91.71,86.76,93.98,86.77,118.58
2010-04-30,-425838000,-2476717000,148.5,25122200000,100.62,1457.5803,3.172,3.96,8.583557,8.07E+11,1.16E+12,1.37E+12,106.1,105.4,2242000,177834,1519900,102.6,-7.4,5.7,10.3,-36.1,15362500000,100.456888,100.051028,99.999672,100.646348,100.963487,100.457244,100.32341,101.004033,0.8157,2.3563,92.87,91.71,86.85,94.08,87.21,118.58
2010-05-31,-349382000,-5501652000,161.8,28239300000,99.49,1576.4428,3.328,4.12,8.501402,8.10E+11,1.16E+12,1.38E+12,106.5,106.2,2477000,172834,1451000,100.8,-5.2,2.6,4.4,-40.6,8710400000,98.82133,100.091571,99.99966,99.326164,99.222556,100.351978,100.20569,99.594451,1.3314,1.9966,92.96,91.71,86.85,94.17,87.48,118.11
2010-06-30,72224000,-4281284000,163.6,41116300000,98.73,1576.8008,3.4707,4.08,8.362651,8.08E+11,1.16E+12,1.30E+12,109.1,109,2273000,176834,1577700,101.1,-5.1,2.1,1.5,-35.6,-3501700000,97.836607,99.798313,99.999858,98.387234,98.335107,100.154978,100.326203,98.795247,0.9814,2.4893,92.96,91.81,86.85,94.27,87.56,117.99
2010-07-31,83829000,298203000,176.6,36225300000,99.24,1484.342,3.3471,3.94,8.271163,8.04E+11,1.15E+12,1.29E+12,108.9,108.3,2271000,176834,1658200,102,-2.6,0.2,4.7,-37.7,-3203600000,98.881641,99.844878,100.000094,99.095016,98.607918,99.584538,99.793813,98.870114,1.0366,2.3105,93.24,91.71,86.85,94.27,88.26,117.76
2010-08-31,-1176982000,-5314686000,92.1,33889500000,99.13,1523.1185,3.15096,3.75,8.166958,7.87E+11,1.14E+12,1.27E+12,112.6,110.5,1090000,172834,1505900,101.1,-2.8,-2.3,3.6,-30.4,7915100000,98.758964,99.549875,99.999936,98.851225,98.391531,99.152511,99.621094,98.541516,0.9603,2.19066,93.42,91.71,87.11,94.17,88.26,119.17
2010-09-30,-213426000,-5852857000,160.6,21814400000,99.19,1418.2274,3.27518,3.85,8.189229,7.85E+11,1.14E+12,1.27E+12,108,108.1,2326000,173834,1624300,99.4,-3.4,-3.1,1.7,-33,13246100000,98.983377,99.666808,100.00011,98.975752,99.057955,99.742576,100.123054,99.108173,1.0638,2.21138,93.24,91.9,87.11,94.36,88.35,117.64
2010-10-31,-966966000,-3612269000,167.3,28230500000,100.36,1393.223,3.23254,3.89,8.435856,7.98E+11,1.15E+12,1.28E+12,108.5,108.1,2480000,174834,1532100,100.5,-1.3,4.4,4.3,-32,8320500000,100.82666,100.083165,100.000206,100.423173,101.30534,100.715185,100.690861,101.04221,1.2066,2.02594,93.42,92.17,88.42,94.64,88.44,116.57
2010-11-30,-1447644000,-5146839000,154.1,32454400000,99.94,1487.4204,3.63343,4.65,8.172879,7.76E+11,1.13E+12,1.26E+12,109,108.8,2302000,175834,1566800,102.4,0.3,1.9,4.9,-24.9,4713000000,100.265185,99.868048,100.00021,99.914179,100.5192,100.357467,100.595368,100.42457,1.4885,2.14493,93.42,92.27,88.51,94.74,88.79,117.4
2010-12-31,-1210012000,-4869779000,130.4,69915100000,99.11,1442.9979,3.96335,4.82,8.092209,7.97E+11,1.16E+12,1.28E+12,109.8,108.6,1943000,179834,1630300,104.6,3,12.2,4.5,-29,-8844500000,99.133963,99.791558,100.000269,99.111176,99.223396,99.936108,100.250318,99.452265,1.4885,2.47485,93.8,92.45,88.51,94.83,89.05,118.11
2011-01-31,-1370706000,-8980998000,120,30640600000,99.13,1412.3395,4.0663,4.7,8.045227,7.87E+11,1.14E+12,1.26E+12,107.8,107.4,2099000,168559,1391200,104.5,3.8,4.1,5.9,-28.4,1247400000,99.129015,99.568972,99.998131,99.181069,97.731701,98.537668,99.23655,98.179813,1.56876,2.49754,94.17,93.18,88.59,94.83,89.67,118.11
2011-02-28,-1259477000,-5824542000,136,25729400000,99.56,1401.7571,4.1118,4.83,7.909485,7.83E+11,1.14E+12,1.26E+12,110.5,110.7,2316000,168559,1597800,103.1,2.1,1.5,8.3,-27.1,9497600000,99.783247,99.514598,99.998264,99.778143,97.921752,97.976153,98.68305,98.356371,1.3112,2.8006,94.45,93.55,88.59,94.83,90.2,118.11
2011-03-31,-1104100000,-7731708000,147.8,27220900000,100.09,1364.6542,4.20638,4.81,7.964829,7.83E+11,1.14E+12,1.26E+12,110.9,110.6,2575000,168559,1484000,102.3,2.4,0.8,3.5,-27.9,18951100000,100.612942,99.833124,99.999451,100.499754,100.062475,99.532514,99.821892,100.355684,1.4008,2.80558,94.82,93.83,88.59,95.11,90.63,117.99
2011-04-30,-244156000,-4480726000,145.1,27464900000,100.74,1305.4353,4.219,4.75,7.848454,7.92E+11,1.15E+12,1.27E+12,111.9,112.2,2489000,167559,1502200,101.7,1.6,5.9,5.9,-31.9,8790500000,101.387203,99.954818,100.000122,101.223429,101.417283,100.220945,100.47148,101.654945,1.6657,2.5533,95.29,93.83,88.68,95.4,91.69,117.05
2011-05-31,-140010000,-5308106000,156.6,29438200000,100.31,1346.6738,4.19446,4.77,8.054413,7.82E+11,1.14E+12,1.26E+12,109.8,109.5,2655000,136559,1464000,99,-0.2,-0.5,2.7,-26.9,5958500000,100.981802,99.889319,100.000167,100.838512,100.925492,100.196146,100.571445,101.193707,1.6638,2.53066,95.38,94.47,88.68,95.49,91.69,116.81
2011-06-30,121842000,-2211833000,151.6,35985100000,100.25,1335.4667,4.26035,4.88,8.065949,7.85E+11,1.14E+12,1.26E+12,108.9,108.8,2632000,136559,1550300,100.3,-1.5,-4.3,6.8,-29.2,-6400000,101.094918,100.104138,100.000104,100.971236,101.159741,100.607362,100.735159,101.574761,1.9978,2.26255,95.47,94.56,88.77,95.49,91.69,116.1
2011-07-31,576813000,-67542000,163.3,37651300000,99.81,1347.2269,4.9685,5.83,8.261946,7.85E+11,1.14E+12,1.26E+12,108.6,108.4,2636000,171559,1516800,97.2,-3.6,0.5,2.9,-31.3,-4820000000,100.619206,100.128785,100.000137,100.6328,98.92296,99.029849,99.13217,99.617176,2.2815,2.687,95.75,93.83,89.64,95.49,92.74,115.75
2011-08-31,-779587000,-4852111000,90.7,35949400000,99.6,1344.7674,4.845,5.11,8.387877,7.71E+11,1.13E+12,1.25E+12,107.8,107.9,1448000,178559,1439000,95,-4.6,-9.4,2.1,-31.1,7369200000,100.980842,100.168277,100.000168,100.790169,99.467634,99.177469,99.224905,99.914896,2.1514,2.6936,96.03,93.74,90.43,95.49,92.83,116.1
2011-09-30,-60456000,-4332289000,150.3,22587700000,99.31,1443.2838,5.23,5.52,8.756553,7.75E+11,1.13E+12,1.25E+12,107.3,106.3,2558000,177559,1581500,89.1,-9.9,-9.5,-6.4,-31.3,11980300000,100.591678,100.36899,100.000155,100.386038,100.815342,101.031122,100.9001,101.181939,3.0944,2.1356,96.03,94.01,90.43,96.25,92.92,115.75
2011-10-31,-404895000,-1803397000,153.2,27877000000,99.43,1388.088,5.48152,6.09,8.731249,7.70E+11,1.13E+12,1.25E+12,106.1,105.6,2730000,172559,1504600,90.6,-9.8,-13.2,0.1,-32.2,2135900000,100.803464,100.443345,99.99907,100.551198,101.54663,101.720506,101.531446,101.917566,3.5659,1.91562,96.59,94.47,93.74,97.28,93.97,116.1
2011-11-30,-824301000,-3230524000,146.2,30048200000,99.19,1438.5057,6.803,7.3,9.210296,7.45E+11,1.12E+12,1.23E+12,106.8,106.2,2566000,168559,1445300,92.3,-8.5,-18.2,-2.9,-27.4,8503700000,100.397012,100.466885,99.997516,100.38188,100.993231,101.606714,101.442265,101.631801,6.608,0.195,96.5,95.11,93.83,97.38,94.41,115.98
2011-12-31,-683534000,-237075000,125.6,72191800000,98.59,1491.4798,6.2986,6.96,9.558065,7.76E+11,1.16E+12,1.27E+12,107.8,107.4,1959000,173559,1462700,86.6,-11,-23.5,-9.9,-31.6,-7351400000,99.544257,100.266012,99.996145,99.65527,100.201033,101.369065,101.411628,100.958752,6.608,-0.3094,96.87,95.11,93.83,97.47,94.58,115.75
2012-01-31,-758330000,-6869328000,106.2,30501600000,97.94,1479.356,5.7032,5.96,9.565326,7.45E+11,1.14E+12,1.25E+12,103.6,102.9,2243000,164687,1322100,85.9,-10.8,-28.1,-14.1,-30.8,3521400000,98.32743,100.011131,99.996717,98.672587,97.227777,99.597762,100.020202,98.289627,2.69704,3.00616,97.15,95.39,94.01,97.56,96.34,115.98
2012-02-29,-758505000,-3945230000,103.1,26429200000,98.35,1447.9289,4.647,5.18,9.917113,7.41E+11,1.16E+12,1.25E+12,104,102.6,2498000,167687,1369300,85.8,-11.6,-23.7,-15.1,-28.1,8397200000,98.50081,99.806864,99.996666,98.907275,97.182232,98.942394,99.496437,98.196038,1.2056,3.4414,97.52,96.12,94.01,97.56,96.69,115.28
2012-03-31,-732425000,-1789715000,136.3,26236900000,98.49,1454.2624,4.07638,5.1,10.429324,7.53E+11,1.18E+12,1.27E+12,104.4,104.1,2698000,165687,1375500,89.3,-11.3,-21.1,-8.5,-30.9,25697200000,98.655924,99.745539,99.996215,99.171931,99.056809,100.559682,101.091719,100.181471,1.1221,2.95428,97.98,96.22,95.23,97.94,96.95,115.87
2012-04-30,114396000,-983990000,122.7,28126800000,98.32,1462.8139,4.7474,5.52,10.518289,7.49E+11,1.18E+12,1.27E+12,102.9,102.1,2392000,164687,1354400,82.8,-14,-20.9,-16.3,-30.1,9041200000,98.573131,99.635995,99.996851,99.007772,99.540993,101.02441,101.714547,100.575543,1.7797,2.9677,98.45,96.12,95.58,98.22,98,114.57
2012-05-31,375480000,-978057000,139.2,30805800000,97.72,1566.0489,4.92727,6.04,10.466502,7.42E+11,1.18E+12,1.27E+12,104.3,103.6,2606000,154687,1363200,78.7,-19,-28.2,-17.2,-31.2,6592400000,98.043942,99.592644,99.996368,98.356293,99.085044,101.08295,101.863363,100.025245,2.1149,2.81237,98.45,96.4,95.75,98.32,98.62,114.21
2012-06-30,898591000,2298056000,134.2,38057600000,97.37,1525.7106,5.41189,5.75,10.705295,7.52E+11,1.19E+12,1.27E+12,102.2,101.1,2438000,161687,1428300,82.1,-15.3,-16.9,-16.6,-27.7,-4321200000,97.767061,99.614273,99.995884,97.884565,99.107847,101.48481,102.241786,99.942146,2.9783,2.43359,98.64,97.14,95.93,98.32,98.62,115.16
2012-07-31,887663000,4190547000,143.7,41652300000,96.76,1572.277,5.33776,6.06,10.697173,7.43E+11,1.18E+12,1.26E+12,103.3,102.1,2402000,158687,1439600,81.4,-17.4,-25.3,-14.7,-30,-4286500000,96.636915,99.170803,99.995636,96.940451,96.172517,99.345845,100.544334,97.337168,2.4688,2.86896,98.73,96.22,96.01,98.32,99.23,114.69
2012-08-31,-31889000,-1505337000,81.8,35309600000,96.8,1536.3603,4.96031,5.84,10.751425,7.41E+11,1.18E+12,1.26E+12,102.6,101.4,1174000,154687,1386500,80,-17.6,-29.3,-20.9,-31.8,7049900000,96.610469,98.934876,99.995655,96.866177,95.877045,98.735286,100.106621,96.958178,1.5913,3.36901,99.1,96.12,96.1,98.22,99.41,115.16
2012-09-30,520910000,-1148067000,128.4,22578900000,97.51,1505.1085,4.24606,5.15,10.959357,7.59E+11,1.21E+12,1.29E+12,102.6,101.9,2371000,157687,1375600,78.5,-17.6,-25.2,-24.3,-28.8,11330300000,97.845161,99.162337,99.995629,97.898897,98.758975,100.643325,101.844145,99.603916,1.5087,2.73736,99.1,96.68,96.1,98.41,99.85,115.39
2012-10-31,92143000,1849267000,135.8,29601000000,97.77,1494.3946,4.00854,4.95,11.381409,7.43E+11,1.20E+12,1.28E+12,100.5,100,2450000,160687,1416200,78.9,-18.9,-22.3,-20.7,-32.4,12549400000,98.172551,99.328161,99.995613,98.31838,99.002076,100.768089,101.82647,99.98041,1.3516,2.65694,99.1,96.95,96.19,98.79,100.37,113.27
2012-11-30,-554954000,1465160000,123.9,31446200000,97.57,1488.8994,3.90693,4.49,11.312164,7.40E+11,1.20E+12,1.28E+12,99.1,98.6,2256000,156687,1316500,79.9,-16.4,-20.8,-20.4,-32.6,-1865100000,97.823772,99.329056,99.995619,98.141639,98.553562,100.730001,101.847505,99.793677,0.9211,2.98583,98.91,97.32,96.28,98.98,100.46,114.33
2012-12-31,-175792000,1961210000,105.6,68961600000,98.12,1468.763,3.65983,4.49,11.395609,7.75E+11,1.24E+12,1.32E+12,100,98.8,1699000,160687,1294000,81.7,-14.9,-25.4,-20.3,-31.8,-5033800000,98.61412,99.415401,99.995734,98.887133,99.372826,100.751505,101.728184,100.618177,0.9211,2.73873,99.1,97.6,96.28,98.98,100.64,114.69
2013-01-31,-735315000,-3787058000,93.6,30750300000,98.76,1426.4939,3.31181,4.29,11.782879,7.56E+11,1.23E+12,1.30E+12,99.9,99.3,1756000,184982,1190300,81.5,-16.4,-31.1,-15.2,-31.4,1057200000,99.326764,99.722327,99.996352,99.799794,98.282646,99.646665,100.424649,99.816843,0.83657,2.47524,99.29,98.33,96.45,98.98,101.07,114.92
2013-02-28,-554017000,-911341000,101.1,27036400000,99.27,1481.2548,3.54809,4.72,11.862356,7.71E+11,1.25E+12,1.31E+12,99.3,98.4,2121000,188982,1280900,80.8,-15.4,-31.1,-19.3,-29.8,12480600000,99.909187,100.065957,99.997279,100.496886,98.132965,99.193678,99.571917,99.785321,1.2408,2.30729,99.38,98.42,96.62,98.98,101.16,110.55
2013-03-31,-784926000,-149020000,109.7,26042700000,98.79,1510.831,3.67843,4.72,11.75352,7.84E+11,1.26E+12,1.33E+12,98.8,97.5,2188000,183982,1243500,83.4,-14.7,-32.3,-12.4,-34.3,22324400000,98.998009,100.030483,99.99792,99.826123,99.037058,100.796144,101.102055,100.859871,0.8327,2.84573,99.57,98.51,96.71,98.98,101.16,109.37
2013-04-30,-8409000,1069033000,110.1,29220900000,98.94,1468.4698,3.34636,3.93,12.04995,7.87E+11,1.26E+12,1.33E+12,98.1,97.2,2115000,179982,1260100,80.6,-16.2,-30.9,-24.1,-33.1,10699700000,99.220633,99.924124,99.997599,99.956938,99.536493,101.119654,101.620803,101.352353,0.5037,2.84266,99.57,98.7,96.89,98.88,100.37,111.73
2013-05-31,336807000,1052746000,118.8,30130700000,99.12,1493.9969,3.03614,4.13,12.15235,7.80E+11,1.26E+12,1.32E+12,99.9,99.2,2307000,178982,1228200,81.6,-15.7,-25.7,-23,-30.3,11430100000,99.365231,99.938489,99.997443,100.314032,99.610467,101.028927,101.513383,101.609831,0.5388,2.49734,99.57,99.34,96.97,98.88,100.29,111.38
2013-06-30,774705000,2739813000,122.3,46254600000,99.39,1489.4483,3.47991,4.53,12.215655,7.82E+11,1.26E+12,1.31E+12,99.8,99.2,2193000,191982,1230800,83.7,-13.1,-18.9,-22,-37.1,-12129500000,100.526834,100.152703,99.998198,101.026111,100.799873,101.390646,101.624362,102.424003,1.0547,2.42521,99.84,99.89,96.97,98.98,100.37,110.31
2013-07-31,1223533000,6115136000,129.4,35571700000,99.42,1458.237,3.51458,4.41,12.038865,7.76E+11,1.25E+12,1.30E+12,99.5,98.9,2099000,196982,1369300,86.2,-10.8,-15.5,-20,-34.2,7253800000,100.578437,100.248704,99.998423,101.146088,98.966669,99.831776,99.964453,100.787358,0.8006,2.71398,99.94,99.07,97.06,98.88,100.64,110.67
2013-08-31,125600000,184931000,73.8,32130200000,99.65,1468.3162,3.45798,4.38,12.273067,7.83E+11,1.26E+12,1.31E+12,97.9,97.5,988000,200982,1226900,88.1,-10.3,-12.2,-13.6,-32.6,9180200000,101.326132,100.210561,99.998568,101.612378,99.589728,99.623372,99.78083,101.117166,0.888,2.56998,100.31,98.7,97.15,98.79,100.9,109.96
2013-09-30,910866000,-461671000,120.5,21455400000,99.53,1430.4698,3.55718,4.34,12.379334,7.83E+11,1.26E+12,1.31E+12,99.7,99.3,2144000,200982,1280100,92.4,-6,-7.9,-15,-30.5,15134700000,101.240526,100.008403,99.998524,101.700949,101.126985,101.072174,101.468381,102.825025,0.7826,2.77458,100.03,98.51,97.24,99.17,100.9,108.43
2013-10-31,26917000,4140045000,123.4,29266400000,99.85,1423.6925,3.26069,4.12,12.290565,7.95E+11,1.27E+12,1.32E+12,100.1,99.9,2213000,199982,1340500,90.8,-6.8,-8.2,-13.9,-31.5,11475600000,101.715833,100.024668,99.998604,102.100511,101.546202,101.224224,101.654658,103.269872,0.63,2.63069,99.84,98.33,97.41,99.45,100.81,103.58
2013-11-30,-579013000,2935540000,111.2,31211200000,99.73,1422.0905,3.02259,4.04,12.328976,8.02E+11,1.28E+12,1.33E+12,99.8,99.3,2148000,192982,1218700,93.7,-3.2,-8.5,-9.8,-30.4,7642600000,101.687246,100.051979,99.998609,102.107799,101.210461,100.993701,101.38621,103.02465,0.5398,2.48279,99.57,98.61,97.5,99.54,100.81,103.7
2013-12-31,-306924000,2918790000,97.3,71623200000,100.15,1405.0292,3.04471,4.09,12.471313,7.99E+11,1.28E+12,1.32E+12,98.7,97.9,1786000,199982,1252300,94.8,-2.8,-5.5,-8.6,-30.6,-13540200000,102.571546,100.108268,99.998593,102.938439,102.127956,101.00453,101.329158,103.895949,0.5398,2.50491,99.75,99.25,97.5,99.64,101.16,103.58
2014-01-31,-697770000,-1417289000,87.1,30963800000,100.06,1436.0021,2.83002,3.77,12.771265,7.90E+11,1.27E+12,1.31E+12,100.5,100.5,2120000,179412,1219200,95.6,-3.6,-2,-6.5,-31.2,-171700000,102.741562,99.965228,99.998623,103.108123,100.536822,99.590565,100.184912,102.377161,0.71446,2.11556,99.94,99.62,97.5,99.54,101.51,103.35
2014-02-28,-827609000,528167000,92.9,27252100000,100.03,1402.1146,2.6565,3.48,12.783751,7.92E+11,1.27E+12,1.31E+12,99.6,99.8,2179000,185412,1268600,95.9,-2.8,1.8,-8.4,-32,12314400000,103.030702,99.968531,99.998623,103.037663,100.009688,98.684281,99.20345,101.467869,0.4556,2.2009,99.84,99.34,97.59,99.54,101.78,102.4
2014-03-31,-1025013000,761715000,107.2,27555900000,100.31,1404.9863,2.46617,3.29,12.649846,8.07E+11,1.29E+12,1.32E+12,98.6,98.6,2323000,188412,1226700,98.2,-2.2,-1.9,-1.2,-36.2,18273300000,103.751806,100.084927,99.998624,103.433449,102.455782,100.546794,100.86572,103.60635,0.5047,1.96147,99.94,99.07,97.32,99.54,101.86,101.69
2014-04-30,-161379000,2603867000,103.3,28648500000,100.18,1396.385,2.28493,3.16,12.550631,8.09E+11,1.29E+12,1.32E+12,99.5,99.2,2027000,180412,1235700,99.1,-1.5,-5,-2.8,-35,11325600000,103.35371,100.002813,99.998623,103.107321,102.308648,100.850922,101.310309,103.497332,0.5949,1.69003,100.12,99.07,97.24,99.54,101.16,101.93
2014-05-31,234471000,661650000,112.1,31006600000,99.94,1419.0156,2.2408,3.06,12.613762,8.23E+11,1.30E+12,1.33E+12,98.1,97.6,2290000,188412,1271500,99.5,-2.6,-0.7,-4.1,-34.7,6361100000,102.759362,99.822828,99.998623,102.6771,101.546931,100.671548,101.338191,102.940674,0.4926,1.7482,100.03,99.16,97.24,99.54,101.07,101.22
2014-06-30,749660000,2910173000,110.4,42705600000,99.62,1414.2914,2.03931,2.85,12.087659,8.18E+11,1.30E+12,1.33E+12,100,99.5,2166000,183412,1260800,99.1,-2.8,2.3,-2.2,-30.1,-7018500000,102.213952,99.630462,99.998623,102.304773,100.922746,100.45764,101.306546,102.555369,0.3093,1.73001,100.12,99.25,97.24,99.54,100.99,100.87
2014-07-31,1082798000,7304545000,117.5,35857500000,99.46,1447.1843,1.94168,2.69,12.627751,8.19E+11,1.29E+12,1.33E+12,98.5,98.4,2094000,184412,1348000,100.3,-2.6,4.5,2.3,-26,-2823500000,101.985708,99.542404,99.998623,102.111165,98.600261,98.546428,99.479904,100.390975,0.2362,1.70548,100.03,98.33,97.24,99.54,99.76,100.75
2014-08-31,-34206000,1528643000,69.3,32560500000,99.21,1470.1007,1.83776,2.45,12.339492,8.31E+11,1.30E+12,1.33E+12,97.2,97.1,985000,187412,1217700,95.2,-6.2,1.6,-1.5,-33.4,7672300000,101.733312,99.677571,99.998623,101.926015,98.191048,98.402873,99.15855,100.006814,0.1361,1.70166,100.22,98.24,97.41,99.45,99.67,99.92
2014-09-30,560219000,993028000,107.8,22685600000,98.7,1532.7958,1.67912,2.39,12.719737,8.37E+11,1.30E+12,1.34E+12,97.9,97.8,2169000,173412,1315700,95.2,-5.6,-5.1,-2,-33.5,18785300000,100.966704,99.558316,99.998623,101.326587,99.119914,100.01183,100.896091,101.121858,0.2322,1.44692,99.84,98.42,97.41,99.64,99.67,99.57
2014-10-31,617000,5906185000,118.1,28482800000,98.47,1545.5787,1.75712,2.36,12.830278,8.35E+11,1.30E+12,1.32E+12,97.7,97.6,2045000,191412,1308700,94.6,-4.9,-3.3,-6.4,-29.9,8766100000,100.922459,99.513012,99.998623,101.048416,99.30983,100.366011,101.3711,101.177293,0.3794,1.37772,99.94,98.42,97.41,99.83,100.81,99.92
2014-11-30,-621381000,3013759000,103.5,31335400000,98.5,1553.1452,1.70495,2.04,13.050776,8.62E+11,1.32E+12,1.34E+12,97.8,98.1,1857000,192412,1208300,93.1,-4.7,-0.9,-9.4,-32.1,4717500000,101.304985,99.570683,99.998623,101.058943,99.61298,100.427852,101.356013,101.223923,0.2722,1.43275,99.75,99.07,97.5,99.83,100.9,100.98
2014-12-31,-335296000,6165222000,93,68525000000,98.45,1599.8783,1.55047,1.88,12.310443,8.68E+11,1.32E+12,1.35E+12,98.7,99.1,1480000,193412,1313000,94.3,-5,4.9,-3.1,-32.8,-3085900000,102.425441,99.614256,99.998623,101.256721,100.697599,100.551135,101.432959,101.575036,0.2722,1.27827,99.75,99.07,97.5,99.83,100.72,101.22
2015-01-31,-1015782000,-2852254000,82.9,31311000000,96.81,1713.5886,1.32876,1.6,12.367269,8.73E+11,1.32E+12,1.35E+12,98.5,98.5,1903000,186764,1131000,96,-5.1,2.8,-1.8,-28.4,-4353300000,100.332231,99.402045,99.998623,99.245788,96.74945,98.993461,100.272164,97.902299,0.2287,1.10006,99.38,99.71,97.5,99.73,100.29,101.34
2015-02-28,-1227167000,-95505000,90.7,26647800000,96.08,1725.5417,1.15085,1.34,12.318156,8.69E+11,1.32E+12,1.35E+12,99.2,99,1970000,170764,1235600,98.9,-4.4,5,2.1,-27.3,8478200000,99.448936,98.866309,99.998623,98.453319,95.510476,98.013036,99.670698,96.823204,0.0901,1.06075,99.75,100.35,100.2,99.73,100.37,101.34
2015-03-31,-1238031000,162913000,103.6,27730700000,95.1,1802.7251,0.90006,1.28,12.492927,8.76E+11,1.32E+12,1.35E+12,99.5,99.3,2098000,191764,1227000,101.6,-1.4,6.7,3.7,-22.9,17479900000,97.613083,98.457074,99.998623,97.238797,95.119322,98.938399,100.880478,96.979436,0.0401,0.85996,99.84,100.17,100.29,99.92,100.55,100.75
2015-04-30,-94262000,2418358000,99.5,29469600000,94.82,1729.2807,0.93675,1.48,12.188446,8.83E+11,1.33E+12,1.35E+12,99.7,99.5,1826000,191764,1314900,101.9,-1.1,8.1,4.7,-24.7,6721500000,96.589651,98.324089,99.998623,96.935868,94.205045,98.826411,100.855589,96.726352,0,0.93675,100.03,100.08,100.29,99.92,99.67,99.69
2015-05-31,432046000,858708000,109.4,31021000000,95.43,1765.9341,1.25572,1.85,12.20544,8.99E+11,1.34E+12,1.36E+12,100.7,100.6,2001000,189764,1231900,101.8,-1.2,8,5.6,-26.1,3703500000,97.730038,98.409929,99.998623,97.87084,95.239028,98.794467,100.716112,97.534417,0.0041,1.25162,100.12,100.17,100.38,99.92,99.67,99.09
2015-06-30,776608000,1169029000,107.7,40950500000,95.72,1736.3652,1.5684,2.3,12.22517,8.95E+11,1.34E+12,1.36E+12,100,100,1920000,192764,1300900,102.6,-1.3,6.4,5.9,-21.2,-12123000000,98.631226,98.488455,99.998623,98.433514,96.12519,99.043733,100.873808,98.193808,0.0601,1.5083,100.31,100.26,100.12,99.92,99.67,98.74
2015-07-31,1042579000,7988249000,117.4,37792800000,95.41,1752.7791,1.43287,1.77,11.664545,8.97E+11,1.34E+12,1.36E+12,100.9,100,1931000,192764,1398400,103,-1.3,7.5,10,-23.1,475300000,98.252049,98.267956,99.998623,97.963769,93.903506,97.166324,99.174347,96.052074,0.0071,1.42577,100.22,99.16,100.12,99.92,99.5,97.56
2015-08-31,310224000,1496398000,64.3,33727800000,95.99,1728.0662,1.26573,1.94,11.441878,8.96E+11,1.34E+12,1.36E+12,98.8,98.3,1004000,192764,1247600,102.9,-2.4,10.8,7.8,-22.3,7739600000,100.155157,98.444746,99.998623,98.852671,95.531916,97.126679,98.941478,96.746387,0.0071,1.25863,100.4,99.16,100.2,99.92,99.5,99.45
2015-09-30,289654000,1327392000,107.7,30156100000,96.31,1734.5779,1.27932,1.81,11.431639,9.07E+11,1.35E+12,1.36E+12,99.8,99.9,2099000,190764,1336400,106.2,-1.2,11,13.8,-20.5,17988300000,101.123805,98.712447,99.998623,99.490904,98.18313,99.183577,100.789687,99.081882,0.0231,1.25622,100.03,99.89,100.2,100.11,99.5,100.04
2015-10-31,-429375000,4099557000,111.8,29963900000,96.2,1753.8041,1.10238,1.59,11.586692,9.31E+11,1.36E+12,1.38E+12,100,100.3,1915000,195764,1292900,107.2,0.5,17.4,9.8,-21.3,2816600000,100.686539,98.747485,99.998623,99.325812,97.996588,99.546349,101.129627,99.195493,-0.055,1.15738,100.22,100.26,100.2,100.3,100.37,100.04
2015-11-30,-1101928000,2905714000,111,34568100000,95.21,1833.745,1,1.43,11.381058,9.20E+11,1.35E+12,1.37E+12,100.6,101.1,1868000,194764,1258400,106.2,-1.1,17.3,9.4,-19.6,11035800000,98.869116,98.329789,99.998623,97.895978,95.997834,99.113011,101.240106,97.649346,-0.112,1.112,99.84,100.54,100.29,100.3,100.46,100.51
2015-12-31,-903210000,2721113000,94.3,80090900000,95.66,1782.7083,1.01499,1.58,11.591764,9.43E+11,1.38E+12,1.39E+12,98.4,99,1483000,187764,1310200,106.7,-1.5,11.8,13.6,-21.3,-1725300000,100.171808,98.685275,99.998623,98.564994,97.229754,99.45188,101.203197,98.358002,-0.112,1.12699,99.84,100.26,100.2,100.3,100.46,101.46
2016-01-31,-1028608000,-2148613000,83.5,34219800000,95.94,1789.5518,0.96811,1.42,11.528769,9.44E+11,1.37E+12,1.39E+12,102,102.6,1818000,182472,1091900,104.6,-2.3,7.3,8.2,-22.2,-5610500000,101.268065,99.276506,99.998623,99.116646,96.69275,98.94114,100.283945,97.395569,-0.05884,1.02695,99.6,100.1,100.2,100.2,99.8,101.7
2016-02-29,-1103200000,1423748000,92,27548900000,96.44,1782.386,1.00953,1.4,11.743602,9.41E+11,1.37E+12,1.38E+12,100.7,101.6,1949000,159472,1225900,104.2,-3.3,9.9,8.6,-19.7,10569700000,102.049471,99.59971,99.998623,99.651637,96.708477,98.540306,99.473581,97.30354,-0.042,1.05153,99.4,100,100.2,100.2,99.8,100.7
2016-03-31,-1060398000,2661759000,104.8,27829900000,96.22,1698.9833,0.84272,1.28,11.522176,9.51E+11,1.38E+12,1.39E+12,100.6,100.8,2038000,171472,1235700,101.3,-3.2,9.2,3.4,-20.3,22170700000,101.192274,99.540596,99.998623,99.21683,97.3891,99.758869,100.574966,98.305296,-0.05,0.89272,99.6,99.8,100.2,100.4,99.8,100.6
2016-04-30,-345895000,4656039000,100.7,28883700000,96.48,1690.5518,0.87179,1.56,11.711388,9.78E+11,1.40E+12,1.42E+12,102.3,102.9,2101000,108472,1264600,105.6,-2.6,5.7,14.2,-18.9,7724200000,101.554933,99.713906,99.998623,99.613926,97.717356,99.958467,100.592345,98.652601,-0.172,1.04379,99.5,100,100.2,100.4,97.3,100
2016-05-31,95348000,2931580000,106.9,33794100000,96.47,1738.9982,0.922,1.45,11.555865,9.67E+11,1.38E+12,1.40E+12,100.5,100.8,2199000,107472,1230000,105.7,-2.5,5.4,15.8,-19.9,1633600000,101.740361,99.612942,99.998623,99.792655,97.912239,99.766925,100.431796,98.775015,-0.2619,1.1839,99.8,100.4,101.8,100.4,97.3,100.9
2016-06-30,583054000,3745237000,107.7,45137700000,96.23,1742.9037,0.89117,1.33,11.658417,9.73E+11,1.38E+12,1.40E+12,99.3,99.8,2048000,107472,1285600,103.5,-2.4,0.2,9.8,-19.6,-8697700000,101.408525,99.834015,99.998623,99.475638,97.579278,100.047644,100.501516,98.49293,-0.15,1.04117,99.9,100.5,102.2,100.4,97.3,99.9
2016-07-31,993465000,8594486000,116.7,38628700000,96.22,1731.83,0.72678,1.16,11.606823,9.94E+11,1.40E+12,1.42E+12,101.2,101.7,2085000,102472,1289200,103.9,-1.8,2,6.4,-18,-4434900000,101.201168,100.611448,99.998623,99.48878,95.452012,99.027238,98.711779,96.72705,-0.185,0.91178,100.1,99.8,102.2,100.3,97.5,99
2016-08-31,543369000,3300150000,67.5,34012000000,96.39,1738.9026,0.66094,1.19,11.514222,9.83E+11,1.39E+12,1.41E+12,102.1,103.1,1089000,143472,1234700,101.6,-3.4,-0.4,4.6,-19.3,5804800000,101.528216,100.711843,99.998623,99.719162,95.623302,98.926811,98.491602,96.777659,-0.2359,0.89684,100.3,100.1,102.2,100.3,97.5,99
2016-09-30,33350000,3797082000,105.8,31971500000,96.43,1722.3875,0.72511,1.25,11.828402,9.91E+11,1.40E+12,1.41E+12,101.9,101.9,2008000,179472,1303200,101.1,-3.3,3,6.7,-19.3,15856800000,101.633148,100.700179,99.998623,99.821265,97.486862,100.779219,100.374918,98.638559,-0.2569,0.98201,100.1,100,102.2,100.6,98.3,99
2016-10-31,-444708000,4958526000,110,32625400000,96.49,1765.9822,0.85516,1.68,11.680944,1.01E+12,1.41E+12,1.43E+12,102.5,102.2,2145000,180472,1220600,103,-2.1,1.1,9.8,-17.9,2970900000,101.421678,101.328806,99.998623,99.900315,97.206454,101.386308,100.362599,98.634441,-0.2948,1.14996,100,100.1,102.2,100.7,98.4,98.7
2016-11-30,-983433000,3655654000,108.4,33755400000,96.12,1824.0943,1.25779,1.98,11.922059,1.01E+12,1.41E+12,1.43E+12,103.4,103,2114000,183472,1190100,102.2,-3.3,6.2,8.4,-18.2,8457600000,101.262475,101.098995,99.998623,99.697221,96.966761,101.238175,100.596703,98.424285,-0.199,1.45679,99.9,100.6,102.2,100.8,98.5,98
2016-12-31,-696293000,5344745000,95,70170400000,95.74,1834.9217,1.16463,1.82,11.757318,1.04E+12,1.44E+12,1.46E+12,104.6,104.1,1778000,175472,1271400,102.5,-2,7.8,5.8,-18,-8871300000,100.620402,100.764535,99.998623,99.446693,96.412163,100.771063,100.430458,98.179344,-0.199,1.36363,100.3,101.1,102,100.8,98.6,98.3
2017-01-31,-895791000,-858072000,79.4,35356200000,95.88,1791.0651,1.20703,2.27,11.6814,1.02E+12,1.42E+12,1.44E+12,102.4,101.1,1917000,164445,1131900,104.3,-0.7,6.4,9.2,-16.9,-1503100000,100.8804,100.872037,99.998623,99.893142,95.135258,99.772041,99.473292,97.134458,-0.3013,1.50833,100.6,102.4,102,100.7,99.3,98.2
2017-02-28,-730231000,1867801000,93.4,27978000000,95.65,1821.9142,1.48281,2.25,11.434325,1.03E+12,1.42E+12,1.44E+12,103.2,103.3,2002000,168445,1183600,104.3,0.4,9.8,10.3,-17.4,8056300000,100.401471,100.688763,99.998623,99.50872,94.567976,99.230203,99.072949,96.516631,-0.2938,1.77661,101,103.8,102,100.6,99.8,98.3
2017-03-31,-1024079000,2884679000,107.7,28649600000,95.86,1791.2049,1.50163,2.3,11.490328,1.04E+12,1.44E+12,1.46E+12,104,104.8,2257000,167445,1234900,104.1,0.9,10.7,7.6,-17.6,23862100000,100.69068,100.887449,99.998623,99.774805,96.298571,100.872771,100.446039,98.240832,-0.2938,1.79543,101,102.6,102,100.8,100,98.3
2017-04-30,-495000000,3034562000,97.8,28921200000,95.74,1778.0697,1.40731,2.27,11.121504,1.07E+12,1.46E+12,1.48E+12,103.9,104.4,1988000,141445,1149300,105.5,1.8,13.4,10.2,-15.3,4909700000,100.46872,100.601177,99.998623,99.541798,96.44333,100.892255,100.703595,98.335707,-0.3258,1.73311,101.4,102.2,102,100.8,100.2,98.4
2017-05-31,-51277000,2151238000,110.4,33466800000,96.53,1721.5121,1.33016,2.17,11.373225,1.06E+12,1.45E+12,1.47E+12,104.4,105.2,2102000,93445,1233500,104.2,1.5,14.4,8.7,-15.1,7533200000,101.889119,100.690209,99.998623,100.625559,97.675778,100.910607,100.719135,99.296519,-0.3577,1.68786,101.2,102.3,102,100.8,100.2,97.8
2017-06-30,484761000,4299955000,107.3,31606300000,96.93,1697.4599,1.25089,2.15,11.13982,1.06E+12,1.45E+12,1.47E+12,105.6,105.9,2103000,94445,1324000,104.5,1.6,10.2,9.4,-15.2,17768700000,102.50186,101.000755,99.998623,101.035679,97.945404,100.909897,100.363959,99.436861,-0.3717,1.62259,101.1,101.5,102,100.8,100.2,97
2017-07-31,591925000,7072710000,116.6,47134600000,97.49,1641.9076,1.33674,2.17,11.396087,1.06E+12,1.45E+12,1.47E+12,106,106.8,2139000,123445,1302400,104.4,2.2,9.6,6.5,-15.7,-12494900000,103.57224,101.081245,99.998623,101.829615,97.032846,99.1141,98.495734,98.379623,-0.3617,1.69844,101.2,100.7,102,100.8,100,96.1
2017-08-31,718771000,4456145000,67.1,45474300000,98.18,1628.8349,1.26559,2.1,11.369203,1.07E+12,1.46E+12,1.48E+12,108.5,108.8,1097000,139445,1232600,107.9,3.6,8,10.1,-16.1,1127900000,104.561596,101.437484,99.998623,102.706775,97.851174,99.2911,98.291278,99.074164,-0.3557,1.62129,101.5,100.9,102.3,100.7,99.9,96.4
2017-09-30,325133000,4451988000,107.5,28169700000,98.26,1637.4941,1.25432,2.17,11.185944,1.09E+12,1.48E+12,1.50E+12,105.1,106.1,2195000,166445,1282600,109.2,4.9,11.5,11.3,-14.9,16575300000,104.530474,101.237272,99.998623,102.836751,99.440994,100.783426,100.028586,100.760171,-0.3817,1.63602,101.2,101.4,102.3,100.9,100,97.3
2017-10-31,-745972000,6028646000,114.7,32241200000,98.13,1661.7014,1.22682,1.82,11.05725,1.09E+12,1.48E+12,1.50E+12,105.7,106.5,2274000,163445,1294400,110.5,5.6,14.3,12.5,-15.3,4198900000,104.458372,101.184379,99.998623,102.908068,99.179003,100.644982,100.000346,100.668988,-0.3997,1.62652,101,102.2,102.3,100.9,100.4,97.1
2017-11-30,-1467830000,4425332000,108.4,35864200000,98.12,1624.2685,1.0275,1.7,11.021981,1.09E+12,1.47E+12,1.49E+12,107.4,107.9,2208000,159445,1239900,110.6,5.4,11.7,13.6,-13.3,5483300000,104.705168,101.191586,99.998623,103.19934,99.183065,100.558518,100.063591,100.733073,-0.4356,1.4631,100.8,102.5,102.3,101,100.5,97
2017-12-31,-1057836000,5049263000,96.8,72435000000,98.25,1612.3895,1.05031,1.98,10.868176,1.12E+12,1.50E+12,1.52E+12,110,110.7,1787000,159445,1220100,111.1,5.4,14,13.3,-13.4,-13159900000,104.938991,101.133532,99.998623,103.407905,99.465432,100.461713,99.980289,100.972418,-0.4356,1.48591,101.2,102.6,102.4,100.9,100.5,97
2018-01-31,-979538000,-1149161000,86,33713200000,98.65,1554.5719,1.21048,2.02,11.014642,1.11E+12,1.50E+12,1.52E+12,106.8,108.8,2031000,163445,1162600,108.8,5,13,9.8,-13.3,-2158300000,105.44034,101.044819,99.998623,103.928596,98.718462,99.511688,99.266977,100.261822,-0.43655,1.64703,101.5,103.7,103.3,100.9,102.4,97.4
2018-02-28,-1069796000,2282135000,92.4,29439300000,98.81,1587.5166,1.26386,2.06,10.832584,1.12E+12,1.50E+12,1.52E+12,105.9,106.3,2104000,162445,1301100,110.5,5.6,8.7,12.9,-12.1,6948000000,105.735651,101.090619,99.998623,104.145373,98.097206,98.672301,98.328885,99.604553,-0.4027,1.66656,101.5,103,103.2,100.8,102.4,96.2
2018-03-31,-1302152000,3210675000,103.3,28501400000,98.83,1571.4175,1.19779,1.78,10.937723,1.14E+12,1.52E+12,1.54E+12,107.4,107.7,2285000,159445,1281000,108.4,3.9,8.9,10.1,-11.6,21151100000,105.903532,101.181143,99.998623,104.324095,100.120106,100.412153,99.823978,101.549137,-0.4296,1.62739,101.8,103.1,104.3,101.1,102.5,96.5
2018-04-30,-233130000,3133846000,99.5,29981100000,98.81,1602.6872,1.0487,1.77,10.943808,1.14E+12,1.52E+12,1.53E+12,106.2,107.2,2069000,161445,1270400,108.1,2.8,2.1,9.8,-10.8,2990700000,106.116873,101.06694,99.998623,104.403457,100.44752,100.397472,99.937063,101.709666,-0.4206,1.4693,101.9,103.4,105.1,101,100.2,96.4
2018-05-31,148149000,1859941000,110,33576800000,98.18,1658.6831,1.48778,2.87,10.568742,1.15E+12,1.53E+12,1.54E+12,106.6,107.3,2190000,160445,1261200,107.1,2.8,4.3,9.6,-10.8,7490600000,105.383183,101.240462,99.998623,103.924267,99.575809,100.24333,99.523013,100.971464,1.2167,0.27108,102.2,104.2,105.6,101,100.1,95.7
2018-06-30,678986000,5583006000,111.1,31885400000,97.94,1658.3611,2.11633,2.69,10.696829,1.17E+12,1.55E+12,1.56E+12,106.8,107.7,2140000,161445,1292400,108.1,1.8,7.2,11.9,-12.7,3579700000,105.335057,101.303796,99.998623,103.788095,99.464811,100.423682,99.658252,100.853131,0.0921,2.02423,102.4,103.9,105.6,101,100.2,94.1
2018-07-31,1062774000,7280854000,120,49379300000,98.16,1654.736342,2.0024,2.73,10.394133,1.15E+12,1.52E+12,1.53E+12,104.9,105.7,2156000,147445,1338700,108,1.8,4.8,9,-9.9,-12604300000,106.041315,101.456183,99.998623,104.06069,98.542474,99.096606,98.154592,99.652604,0.0661,1.9363,102.7,103.1,105.9,100.9,102.6,94
2018-08-31,1269038000,5319039000,67.6,43715700000,97.93,1664.030438,2.44477,3.24,10.098382,1.15E+12,1.52E+12,1.53E+12,106.8,107.3,1168000,150445,1262000,107.4,0.7,7.2,9.1,-8.8,-1851200000,106.662857,101.580487,99.998623,104.516721,98.674826,98.791174,97.733208,99.629126,0.4385,2.00627,103.1,103.1,105.8,100.8,102.7,94.1
2018-09-30,701500000,3086289000,110.4,28115600000,98.07,1667.12847,2.26724,2.97,10.417429,1.18E+12,1.55E+12,1.55E+12,106.6,107.2,2185000,155445,1283800,107,0.9,7.1,9.5,-11.1,20272800000,107.415742,101.535576,99.998623,105.070033,100.759037,100.304776,99.3083,101.500855,0.2062,2.06104,102.6,102.9,105.8,101.2,102.7,93.9
2018-10-31,-646656000,5455996000,114.1,31369700000,97.81,1708.564648,2.84436,3.41,10.716188,1.16E+12,1.53E+12,1.54E+12,106.4,107.3,2310000,154445,1316600,106.2,-0.2,2.6,8.7,-9.3,2850100000,106.406311,101.40088,99.998623,104.329421,99.67615,100.129931,99.253243,100.664577,0.1591,2.68526,102.6,102.9,105.6,101.1,105.2,92.6
2018-11-30,-1570288000,3857520000,109.1,38973000000,97.57,1709.920037,2.64718,3.21,10.571417,1.16E+12,1.52E+12,1.53E+12,104.7,105.4,2186000,155445,1251200,105,-0.8,2.6,7.3,-12.4,5649200000,105.79684,101.353417,99.998623,103.733958,99.198178,100.244967,99.591256,100.245405,0.1631,2.48408,102.4,103.4,105.8,101.2,105.3,91.5
2018-12-31,-787909000,4121814000,96,84764800000,97.67,1693.461742,2.18517,2.74,10.450573,1.18E+12,1.55E+12,1.55E+12,104,104.6,1708000,152445,1201700,104.1,-1.5,5.3,4.2,-10.7,-12109500000,105.951766,101.565545,99.998623,103.859301,99.33,100.348463,99.49452,100.367214,0.1631,2.02207,102.3,103.4,105.1,101.1,105.3,91.6
2019-01-31,-1020825000,-121758000,85.8,34510400000,97.55,1687.265678,1.96207,2.58,10.494724,1.16E+12,1.53E+12,1.54E+12,105.9,106,1971000,154445,1096400,102.8,-3,5.6,3.3,-6.9,-1757300000,105.643536,101.400375,99.998623,103.672105,97.709115,99.175202,98.622651,98.881681,0.0951,1.86697,102.4,104.4,105.7,101,106.3,91.4
2019-02-28,-1128107000,3250066000,100,28936600000,97.43,1700.625941,2.07325,2.74,10.539676,1.17E+12,1.54E+12,1.55E+12,106.6,107.4,2044000,155445,1276100,101.2,-3.6,6.6,1.4,-9.5,9560700000,105.19135,101.300573,99.998623,103.447198,96.579633,98.28517,97.796603,97.961327,-0.007,2.08025,102.5,104.8,106.8,100.9,106.3,89
2019-03-31,-1179227000,4040115000,111.7,28723300000,97.29,1724.635689,1.88439,2.64,10.204636,1.19E+12,1.57E+12,1.58E+12,105.5,106.2,2277000,,,101,-4.7,7.1,3.5,-6.9,20671300000,105.031432,101.06797,99.998623,103.367806,98.101142,99.683508,99.322082,99.522151,-0.062,1.94639,102.8,104.2,107.7,101.2,106.3,89.6
